id,pdb_id,length,aasequence,Source,Reference
1,1ordA_2,8,GRKLWHDL,CARBOXYLYASE,N/A
2,1cknA_5,12,YEKTLLNIEENI,CAPPINGENZYME,N/A
3,1ordA_3,5,FMLTT,CARBOXYLYASE,N/A
4,1ordA_4,7,NSILFLM,CARBOXYLYASE,N/A
5,1pfkA_1,9,GFFTALSTV,TRANSFERASEPHOSPHOTRANSFERASE,N/A
6,1pfkA_2,10,LGHIQRGGSP,TRANSFERASEPHOSPHOTRANSFERASE,N/A
7,1nah_1,6,FNPVGA,ISOMERASE,N/A
8,1nah_2,4,GVRD,ISOMERASE,N/A
9,1nah_3,7,GAGVGNS,ISOMERASE,N/A
10,1nah_4,13,APRREGDLPAYWA,ISOMERASE,N/A
11,1fu1B_1,34,LDTTAENQAKNEHLQKENERLLRDWNDVQGRFEK,GENEREGULATION,N/A
12,1yghA_1,6,YGAHLM,GENEREGULATION,N/A
13,1dljA_1,8,LFANTYLA,OXIDOREDUCTASE,N/A
14,1dljA_2,6,RKSYIA,OXIDOREDUCTASE,N/A
15,1dioA_1,7,ARRTPSQ,LYASE,N/A
16,1dioA_2,5,YAETI,LYASE,N/A
17,1sig_1,8,YPEAITYL,TRANSCRIPTIONREGULATION,N/A
18,1doc_1,12,VDRRMARDGLVH,OXIDOREDUCTASE,N/A
19,1sig_2,3,FVD,TRANSCRIPTIONREGULATION,N/A
20,1fouA_1,21,NQNAQKTPVLIRANDNNQLSL,VIRUSVIRALPROTEIN,N/A
21,1doc_2,4,VYGQ,OXIDOREDUCTASE,N/A
22,1dioA_3,6,DFISSG,LYASE,N/A
23,1sig_3,2,LD,TRANSCRIPTIONREGULATION,N/A
24,1fouA_2,13,SIEVFKTDAPYVV,VIRUSVIRALPROTEIN,N/A
25,1doc_3,8,LKVFERVY,OXIDOREDUCTASE,N/A
26,1dioA_4,15,IVGDGQVLSAVNDVN,LYASE,N/A
27,1sig_4,5,FRLVP,TRANSCRIPTIONREGULATION,N/A
28,1doc_4,4,LRSF,OXIDOREDUCTASE,N/A
29,1aua_1,12,YPQNCPPDALPG,PHOSPHOLIPIDBINDINGPROTEIN,N/A
30,1a8h_1,3,NVG,AMINOACYLTRNASYNTHETASE,N/A
31,1doc_5,7,IWKAERF,OXIDOREDUCTASE,N/A
32,1aua_2,7,FENCEKW,PHOSPHOLIPIDBINDINGPROTEIN,N/A
33,1a8h_2,10,LRTRYEADLA,AMINOACYLTRNASYNTHETASE,N/A
34,1sig_6,7,LQKLQQI,TRANSCRIPTIONREGULATION,N/A
35,1sig_7,8,ARRAKKEM,TRANSCRIPTIONREGULATION,N/A
36,1c20A_1,14,LPIMAKSVLDLYEL,DNABINDINGPROTEIN,N/A
37,1dq8A_1,12,VIGYMPIPVGVA,OXIDOREDUCTASE,N/A
38,1dq8A_2,10,SRVLADGMTR,OXIDOREDUCTASE,N/A
39,1dq8A_3,20,MQILAVSGNYCTDKKPAAIN,OXIDOREDUCTASE,N/A
40,1a26_1,5,MKKAM,TRANSFERASE,N/A
41,1a26_2,7,LLDIEVA,TRANSFERASE,N/A
42,1a26_3,9,KLRTDIKVV,TRANSFERASE,N/A
43,1bia_1,8,LPEPIQLL,TRANSCRIPTIONREGULATION,N/A
44,1a7aA_1,10,KSKFDNLYGC,HYDROLASE,N/A
45,1bia_2,9,LDNFINRPV,TRANSCRIPTIONREGULATION,N/A
46,1a7aA_2,5,GHPSF,HYDROLASE,N/A
47,1lml_1,4,ALGF,LEISHMANOLYSIN,N/A
48,1lml_2,5,LTNKC,LEISHMANOLYSIN,N/A
49,1lml_3,9,PVVVPYSDG,LEISHMANOLYSIN,N/A
50,1adjA_1,9,DRARYNAYL,COMPLEXTRNASYNTHETASEPEPTIDE,N/A
51,1adjA_2,9,LKELGVRPM,COMPLEXTRNASYNTHETASEPEPTIDE,N/A
52,1adjA_3,6,LPEEKG,COMPLEXTRNASYNTHETASEPEPTIDE,N/A
53,1baq_1,12,RLLEELGQVEKA,TRANSCRIPTIONTERMINATION,N/A
54,1qtqA_1,6,FSRLNL,COMPLEXTRNASYNTHETASETRNA,N/A
55,1ba3_1,12,GPAPFYPLEDGT,OXIDOREDUCTASE,N/A
56,1qtqA_2,10,CIREDLNENA,COMPLEXTRNASYNTHETASETRNA,N/A
57,1ba3_2,14,PESFDRDKTIALIM,OXIDOREDUCTASE,N/A
58,1qtqA_3,5,LYDRL,COMPLEXTRNASYNTHETASETRNA,N/A
59,1ba3_3,10,FIVDRLKSLI,OXIDOREDUCTASE,N/A
60,1qg3A_1,6,THQEVP,STRUCTURALPROTEIN,N/A
61,1skyE_1,8,DTGAPISV,ATPSYNTHASE,N/A
62,1skyE_2,7,TNLERKL,ATPSYNTHASE,N/A
63,1pud_1,7,CVLPTRS,TRANSFERASE,N/A
64,1pud_2,5,NIAFY,TRANSFERASE,N/A
65,1befA_1,10,CGGGWKLEGE,PROTEASE,N/A
66,1mpgB_1,6,PGCVDA,HYDROLASE,N/A
67,1zxq_1,7,VSVYQPP,CELLADHESION,N/A
68,1ppn_1,7,TDGVRQV,HYDROLASESULFHYDRYLPROTEINASE,N/A
69,1d5rA_1,11,AQYPFEDHNPP,HYDROLASE,N/A
70,1mun_1,11,YDKYGRKTLPW,DNAREPAIR,N/A
71,1lxa_1,11,GLKRRGFSREA,ACYLTRANSFERASE,N/A
72,1mun_2,10,LPGVGRSTAG,DNAREPAIR,N/A
73,1g6q1_1,4,PDKC,TRANSFERASE,N/A
74,1d5rA_4,13,LLKNHLDYRPVAL,HYDROLASE,N/A
75,6reqA_1,6,IEEAAA,ISOMERASE,N/A
76,1mun_4,8,LWSLSEQV,DNAREPAIR,N/A
77,1ej6C_1,5,LVTWD,VIRUSVIRALPROTEIN,N/A
78,1bj4A_1,10,ASENFASRAV,TRANSFERASE,N/A
79,1ej6C_2,11,RGRWMARLARM,VIRUSVIRALPROTEIN,N/A
80,1bj4A_2,8,FKVYQHQV,TRANSFERASE,N/A
81,6reqA_3,12,YTAQIRTISGVY,ISOMERASE,N/A
82,1ej6C_3,9,MPGSVIADC,VIRUSVIRALPROTEIN,N/A
83,1dd9A_1,7,FHKGRQL,TRANSFERASE,N/A
84,1dd9A_2,9,AMPLSAFLF,TRANSFERASE,N/A
85,1aqt_1,12,AIRGQDLDEARA,HYDROLASE,N/A
86,1ej6C_5,7,TEYNDRS,VIRUSVIRALPROTEIN,N/A
87,2up1A_1,19,AVSREDSQRPGAHLTVKKI,COMPLEXRIBONUCLEOPROTEINDNA,N/A
88,1nal1_1,7,CNKVIDL,LYASE,N/A
89,2lzm_1,9,AEKLFNQDV,HYDROLASEOGLYCOSYL,N/A
90,1fokA_1,9,EKEILIEAI,COMPLEXENDONUCLEASEDNA,N/A
91,1fokA_2,7,VPKRVYW,COMPLEXENDONUCLEASEDNA,N/A
92,1fokA_3,7,SELRHKL,COMPLEXENDONUCLEASEDNA,N/A
93,1a6cA_1,10,MGPVIDRFEL,VIRUSCAPSIDPROTEIN,N/A
94,1f0kA_1,8,AEVVGNPV,TRANSFERASE,N/A
95,1a6cA_2,20,WRPDSQVHPPMFSSSELYNW,VIRUSCAPSIDPROTEIN,N/A
96,1f0kA_2,13,ARAASIPDATERV,TRANSFERASE,N/A
97,5r1rA_1,10,LQYVKRFYDA,COMPLEXOXIDOREDUCTASEPEPTIDE,N/A
98,3mdeA_1,7,TFDKTRP,OXIDOREDUCTASE,N/A
99,1fiuA_1,17,SETVSERLPGQTSGNAF,HYDROLASEDNA,N/A
100,2cwgA_1,10,NGACWTSKRC,LECTINAGGLUTININ,N/A
101,1f6vA_1,14,IAQKPGALRILNHS,DNABINDINGPROTEIN,N/A
102,2cwgA_2,12,CQGGPCRADIKC,LECTINAGGLUTININ,N/A
103,1pbwB_1,8,YLLDLPNP,PHOSPHOTRANSFERASE,N/A
104,2cwgA_3,10,SGACSTDKPC,LECTINAGGLUTININ,N/A
105,1ft9A_1,11,SCMRTIEDLMF,TRANSCRIPTION,N/A
106,2sas_1,9,RIPFLFKGM,CALCIUMBINDINGPROTEIN,N/A
107,1dw9A_1,15,PLRGCIDDRIPTDPT,LYASE,N/A
108,3daaA_1,11,TKENPRPLENL,AMINOTRANSFERASE,N/A
109,1frb_1,9,YSPLGSPDR,OXIDOREDUCTASENADP,N/A
110,1frb_2,6,VLIRFH,OXIDOREDUCTASENADP,N/A
111,1frb_3,6,IQVFDF,OXIDOREDUCTASENADP,N/A
112,1djnA_1,9,AGEEYRRGW,OXIDOREDUCTASE,N/A
113,1djnA_2,6,ATGARW,OXIDOREDUCTASE,N/A
114,1djnA_3,8,GRHSECTL,OXIDOREDUCTASE,N/A
115,1di1A_1,8,TDRARLSI,LYASE,N/A
116,1bqg_1,6,FTRNIL,GLUCARATE,N/A
117,1ei9A_1,4,VGGQ,HYDROLASE,N/A
118,1bqg_2,8,LGQHLQVP,GLUCARATE,N/A
119,1ei9A_2,26,LKAMDKAGQLVFLALEGDHLQLSEEW,HYDROLASE,N/A
120,1bu7A_1,10,LLPSFSQQAM,OXIDOREDUCTASE,N/A
121,1hqcA_1,9,LEYYTPEEL,HYDROLASE,N/A
122,1bu7A_2,16,CGFNYRFNSFYRDQPH,OXIDOREDUCTASE,N/A
123,1hqcA_2,6,GLEKRD,HYDROLASE,N/A
124,1exnB_1,14,YEHHNVDDVEQFIS,NUCLEASE,N/A
125,1bu7A_3,5,IAGHE,OXIDOREDUCTASE,N/A
126,1exnB_2,7,NLILVDL,NUCLEASE,N/A
127,1bu7A_4,8,LWPTAPAF,OXIDOREDUCTASE,N/A
128,1bu7A_5,15,LHRDKTIWGDDVEEF,OXIDOREDUCTASE,N/A
129,1ezfA_1,8,SEFEDPLV,TRANSFERASE,N/A
130,1d8cA_1,5,RWGSL,LYASE,N/A
131,1d8cA_2,4,IVEA,LYASE,N/A
132,1d8cA_3,12,VAENANWSAQEI,LYASE,N/A
133,1etpA_1,11,FSSQKGSVGYA,ELECTRONTRANSPORT,N/A
134,1bs0A_1,5,SNDYL,TRANSFERASE,N/A
135,1bs0A_2,7,REKLAAL,TRANSFERASE,N/A
136,1qupA_1,5,AIIRG,CHAPERONE,N/A
137,5eat_1,18,FLSFSIDNQVAEKYAQEI,ISOPRENOIDSYNTHASE,N/A
138,5eat_2,9,DFNLLQMLH,ISOPRENOIDSYNTHASE,N/A
139,1vsgA_1,9,TLQAAASKI,GLYCOPROTEIN,N/A
140,1vsgA_2,9,GLEALKQTL,GLYCOPROTEIN,N/A
141,2bct_1,6,FLAITT,STRUCTURALPROTEIN,N/A
142,1vsgA_3,7,GAETAEF,GLYCOPROTEIN,N/A
143,2bct_2,18,ALGLHLTDPSQRLVQNCL,STRUCTURALPROTEIN,N/A
144,2bct_3,11,AVRLHYGLPVV,STRUCTURALPROTEIN,N/A
145,1cfmA_1,6,NTIYNA,ELECTRONTRANSPORT,N/A
146,2bct_4,7,LREQGAI,STRUCTURALPROTEIN,N/A
147,1cfmA_2,5,TNNPN,ELECTRONTRANSPORT,N/A
148,1extA_1,25,TVCGCRKNQYRHYWSENLFQCFNCS,SIGNALLINGPROTEIN,N/A
149,1fn9A_1,7,VQFADRV,VIRUSVIRALPROTEIN,N/A
150,1fn9A_2,8,FIKGTAKL,VIRUSVIRALPROTEIN,N/A
151,1fn9A_3,13,TMQQAPIVLTPAA,VIRUSVIRALPROTEIN,N/A
152,1moq_1,7,PSRIEQM,GLUTAMINEAMIDOTRANSFERASE,N/A
153,1bmdA_1,6,NFTAMT,OXIDOREDUCTASECHOHDNADA,N/A
154,2fcbA_1,6,SDPVHL,IMMUNESYSTEM,N/A
155,1llp_1,7,FDELELV,OXIDOREDUCTASE,N/A
156,1mroB_1,5,IKRTV,METHANOGENESIS,N/A
157,1llp_2,9,LVDDFQFIF,OXIDOREDUCTASE,N/A
158,1mroB_2,13,IATMLDIPQKLEG,METHANOGENESIS,N/A
159,1llp_3,13,IPLSKPIPGNGPF,OXIDOREDUCTASE,N/A
160,1cvrA_1,7,TLVPTEM,HYDROLASE,N/A
161,1do2A_1,16,VKMVRVQAIEKNRYRA,CHAPERONE,N/A
162,1dmtA_1,9,LRDELEVVL,HYDROLASE,N/A
163,1do2A_2,11,EAAKLVNPEEL,CHAPERONE,N/A
164,1dmtA_2,9,YRSCINESA,HYDROLASE,N/A
165,1do2A_3,9,LQALTTSDF,CHAPERONE,N/A
166,1dmtA_3,14,LYGTTSETATWRRC,HYDROLASE,N/A
167,1ayrA_1,5,VSLTC,SENSORYTRANSDUCTION,N/A
168,1ayrA_2,8,LYFSQVQV,SENSORYTRANSDUCTION,N/A
169,1dmtA_5,13,GYPDDIVSNDNKL,HYDROLASE,N/A
170,1ayrA_3,4,LTFP,SENSORYTRANSDUCTION,N/A
171,1ayrA_4,5,FEIKA,SENSORYTRANSDUCTION,N/A
172,1dmtA_7,10,LREKVDKDEW,HYDROLASE,N/A
173,1ayrA_5,6,VRLLIR,SENSORYTRANSDUCTION,N/A
174,1zymB_1,6,LKEDEI,PHOSPHOTRANSFERASE,N/A
175,1zymB_2,9,ILGLKIIDL,PHOSPHOTRANSFERASE,N/A
176,1ayrA_8,3,IKV,SENSORYTRANSDUCTION,N/A
177,1ayrA_9,3,VAT,SENSORYTRANSDUCTION,N/A
178,1gof_1,12,ASSYTAPQPGLG,OXIDOREDUCTASEOXYGENA,N/A
179,1eejA_1,22,GKHIIQGPMYDVSGTAPVNVTN,ISOMERASE,N/A
180,1hqmC_1,13,YRIGDPPFSQDEC,TRANSCRIPTION,N/A
181,1hqmC_3,6,GHLPLM,TRANSCRIPTION,N/A
182,1hqmC_4,6,IHRSPG,TRANSCRIPTION,N/A
183,1hqmC_5,19,LTAGVPGHEVDDIDHLGNR,TRANSCRIPTION,N/A
184,1hqmC_7,9,LEAALREFF,TRANSCRIPTION,N/A
185,1jdbF_1,8,FPGLNGMD,LIGASE,N/A
186,1hqmC_8,15,GFDVRDVHRTHYGRI,TRANSCRIPTION,N/A
187,1hqmC_9,9,QVFSLNTNL,TRANSCRIPTION,N/A
188,1egaB_1,15,FPEDYITDRSQRFMA,HYDROLASE,N/A
189,1mtyG_1,17,LEEKVAVLKARAFNEVD,MONOOXYGENASE,N/A
190,1by1A_1,39,TKLPEAQQRVGGCFLNLMPQMKTLYLTYCANHPSAVNVL,TRANSPORTPROTEIN,N/A
191,1qfjA_1,6,IPHGEA,OXIDOREDUCTASE,N/A
192,1by1A_2,18,TTGLSKPFMRLDKYPTLL,TRANSPORTPROTEIN,N/A
193,1hfaA_1,7,LNEKAVS,ENDOCYTOSIS,N/A
194,2trcP_1,14,QDXHQKLSFGPRYG,COMPLEXTRANSDUCERTRANSDUCTION,N/A
195,2admA_1,8,IRFETEET,METHYLTRANSFERASE,N/A
196,1bob_1,10,FAEERKTHNL,ACETYLTRANSFERASE,N/A
197,1bob_2,10,LRDRNDIQRL,ACETYLTRANSFERASE,N/A
198,1prxA_1,12,VISLQLTAEKRV,ANTIOXIDANT,N/A
199,4kbpA_1,11,TPPQTGLDVPY,HYDROLASEPHOSPHORICMONOESTER,N/A
200,4kbpA_2,11,DLSYADRYPNH,HYDROLASEPHOSPHORICMONOESTER,N/A
201,4kbpA_3,8,YHVPYEAS,HYDROLASEPHOSPHORICMONOESTER,N/A
202,1qmiA_1,18,PGTVRGGDYRFAIGSAGS,RNA3TERMINALPHOSPHATECYCLASE,N/A
203,1ekeB_1,14,DEIIDYYKKIYGDI,HYDROLASE,N/A
204,1qmiA_2,19,VSPVASFNTLQLGERGNIV,RNA3TERMINALPHOSPHATECYCLASE,N/A
205,1qmiA_3,10,VKEVKRYLAS,RNA3TERMINALPHOSPHATECYCLASE,N/A
206,1b24A_1,8,LERIRLFN,INTRONENCODED,N/A
207,1qf6A_1,10,IITAKDEEGL,LIGASERNA,N/A
208,1dkrB_1,5,HLMGV,TRANSFERASE,N/A
209,1qf6A_2,12,YLQRLEEAAKRD,LIGASERNA,N/A
210,1dkrB_2,7,LSVGPLL,TRANSFERASE,N/A
211,1qf6A_3,6,AGFFPT,LIGASERNA,N/A
212,1xat_1,19,ARTIRKRFSDGDIQNLLEM,ACETYLTRANSFERASE,N/A
213,1c05A_1,8,MILLESRL,RIBOSOME,N/A
214,1c05A_2,14,YTRLPERSELPAEI,RIBOSOME,N/A
215,1pklG_1,5,PEIRT,TRANSFERASE,N/A
216,1dih_1,8,FSVGVNVM,OXIDOREDUCTASE,N/A
217,1pklG_2,7,CDVDLPA,TRANSFERASE,N/A
218,1dih_2,12,ITHKASSRMTFA,OXIDOREDUCTASE,N/A
219,1pklG_3,8,ALNEYVFF,TRANSFERASE,N/A
220,1fnnA_1,10,PKRLPHREQQ,CELLCYCLE,N/A
221,1fnnA_2,9,FSPYTKDQI,CELLCYCLE,N/A
222,1hhsA_1,10,SKRSFKEGAI,RNAPOLYMERASE,N/A
223,1fnnA_3,8,SKEVLFGI,CELLCYCLE,N/A
224,1hhsA_2,4,PMIP,RNAPOLYMERASE,N/A
225,1hhsA_4,5,MFSDL,RNAPOLYMERASE,N/A
226,1hhsA_5,5,VVYRA,RNAPOLYMERASE,N/A
227,1d2nA_1,6,PNIATG,HEXAMERIZATIONDOMAIN,N/A
228,1hhsA_6,6,SKDRMV,RNAPOLYMERASE,N/A
229,1hhsA_8,7,ERRRTAM,RNAPOLYMERASE,N/A
230,1dkxA_1,10,DRKFDELVQT,COMPLEXMOLECULARCHAPERONEPEPTIDE,N/A
231,1scuA_1,4,MIGP,LIGASEATPBINDING,N/A
232,16pk_1,8,MEKEISYF,KINASE,N/A
233,1a79A_1,10,ARNVEERLCL,ENDONUCLEASE,N/A
234,1hhsA_10,4,VSDH,RNAPOLYMERASE,N/A
235,1hhsA_11,9,QGATDLMGT,RNAPOLYMERASE,N/A
236,1bpoB_1,11,PVKMFDRHSSL,COATEDPITS,N/A
237,1hhsA_12,5,LMHGV,RNAPOLYMERASE,N/A
238,1bpoB_2,15,RNNLAGAEELFARKF,COATEDPITS,N/A
239,1bpoB_3,12,LLDQGQLNKYES,COATEDPITS,N/A
240,1fps_1,10,AYQTELGQML,PRENYLTRANSFERASE,N/A
241,1fps_3,11,VGIDSKEEHEN,PRENYLTRANSFERASE,N/A
242,1fps_5,8,FQQYEESS,PRENYLTRANSFERASE,N/A
243,1qs0B_1,8,YTVPLDKA,OXIDOREDUCTASE,N/A
244,8tlnE_1,7,AVTDYTA,HYDROLASEMETALLOPROTEINASE,N/A
245,8tlnE_2,19,IFGTLVEFYANKNPDWEIG,HYDROLASEMETALLOPROTEINASE,N/A
246,1avc_1,9,AAQVAYQMW,CALCIUMPHOSPHOLIPIDBINDINGPROTEIN,N/A
247,1pymA_1,24,LRASVSAIQQTTKQIYDDQSLVNV,PHOSPHOTRANSFERASE,N/A
248,1cb6A_1,11,YGTERQPRTHY,IRONTRANSPORT,N/A
249,2cblA_1,10,GLFQGDTFRI,COMPLEXPROTOONCOGENEPEPTIDE,N/A
250,1qpoA_1,7,ATATAAW,TRANSFERASE,N/A
251,1cb6A_2,5,VPSHA,IRONTRANSPORT,N/A
252,2cblA_2,11,WSSLLRNWNSL,COMPLEXPROTOONCOGENEPEPTIDE,N/A
253,1cb6A_3,8,VPPRIDSG,IRONTRANSPORT,N/A
254,1ahjB_1,8,SRPSESEG,LYASE,N/A
255,1qo0E_1,16,AKLKQKTEQLQDRIAG,BINDINGPROTEIN,N/A
256,1dqsB_1,12,FLETLPVREFIN,LYASE,N/A
257,1dqsB_2,10,AETILKAVRR,LYASE,N/A
258,1dqsB_3,12,AYVVSADEREGG,LYASE,N/A
259,1mpyA_1,14,PRDLKGMAAVRFDH,OXIDOREDUCTASE,N/A
260,1io1A_1,16,VQQKYKVSDTAATVTG,STRUCTURALPROTEIN,N/A
261,1io1A_2,7,QVANADL,STRUCTURALPROTEIN,N/A
262,1io1A_3,18,FKAQPDLAEAAATTTENP,STRUCTURALPROTEIN,N/A
263,1otcA_1,10,VISSDMYTAL,PROTEINDNA,N/A
264,1otcA_2,17,IQDDHSVEVASLKKNVS,PROTEINDNA,N/A
265,3sil_1,18,WSLPSGYCEGFGSENNII,GLYCOSIDASE,N/A
266,1chkA_1,12,AENSSLDWKAQY,HYDROLASEOGLYCOSYL,N/A
267,1qlaA_1,11,VKGQEAYMKSL,OXIDOREDUCTASE,N/A
268,1chkA_2,10,QNDERDRVYF,HYDROLASEOGLYCOSYL,N/A
269,2mjpA_1,5,EDSGF,STRUCTURALGENOMICS,N/A
270,1qlaA_2,6,LMPYEL,OXIDOREDUCTASE,N/A
271,1gln_1,6,MPLLRN,AMINOACYLTRNASYNTHASE,N/A
272,1ebpA_1,10,INEVVLLDAP,COMPLEXCYTOKINERECEPTORPEPTIDE,N/A
273,2mjpA_2,3,FKT,STRUCTURALGENOMICS,N/A
274,1gln_2,6,MNGKYI,AMINOACYLTRNASYNTHASE,N/A
275,1ycqA_1,9,VIYHLGQYI,COMPLEXONCOGENEPROTEINPEPTIDE,N/A
276,1gln_3,7,ARYLFTE,AMINOACYLTRNASYNTHASE,N/A
277,2mjpA_4,10,KSQISHRKKA,STRUCTURALGENOMICS,N/A
278,1cqqA_1,9,VIDSYDLYN,HYDROLASE,N/A
279,1b8tA_1,58,CYGKKYGPKGKGKGMGAGTLSTDKGESLGIKYEEGQSHRPTNPNASRMAQKVGGSDGC,CONTRACTILE,N/A
280,1dvkB_1,10,LRRNQLAPDL,RNABINDINGPROTEIN,N/A
281,1ast_1,7,AIGFYHE,HYDROLASEMETALLOPROTEINASE,N/A
282,1rgs_1,11,TLRKRKMYEEF,KINASE,N/A
283,1ltm_1,3,MDN,GLYCOSYLTRANSFERASE,N/A
284,1ltm_2,8,WGRVMGKT,GLYCOSYLTRANSFERASE,N/A
285,1ltm_3,12,LNLKGSFAGAMG,GLYCOSYLTRANSFERASE,N/A
286,1ltm_4,14,FKAHGWVKGDQVAV,GLYCOSYLTRANSFERASE,N/A
287,1ltm_5,6,LPNFYT,GLYCOSYLTRANSFERASE,N/A
288,1hw1A_1,14,FWETSGLNILETLA,TRANSCRIPTION,N/A
289,1b9hA_1,10,IAVRDERWTL,RIFAMYCINBIOSYNTHESISRIFDGENE,N/A
290,1b9hA_2,7,AFAAFRA,RIFAMYCINBIOSYNTHESISRIFDGENE,N/A
291,1b9hA_3,7,TDAISSD,RIFAMYCINBIOSYNTHESISRIFDGENE,N/A
292,1dcqA_1,11,RKKHADTAAKL,METALBINDINGPROTEIN,N/A
293,1dcqA_2,11,SGNLDKQTGKG,METALBINDINGPROTEIN,N/A
294,16vpA_1,13,LGFSAGPALCTML,TRANSCRIPTIONALREGULATORYPROTEIN,N/A
295,1bg6_1,6,VLHTSL,OXIDOREDUCTASE,N/A
296,1dlwA_1,29,CAALGGPNAWTGRNLKEVHANMGVSNAQF,OXYGENSTORAGETRANSPORT,N/A
297,1bf8_1,8,YRPAKLAL,CHAPERONE,N/A
298,16vpA_3,6,IRAHGD,TRANSCRIPTIONALREGULATORYPROTEIN,N/A
299,16vpA_4,9,LSRFFHAEL,TRANSCRIPTIONALREGULATORYPROTEIN,N/A
300,1crzA_1,10,LTGIKGAFRT,TOXINBINDINGPROTEIN,N/A
301,16vpA_5,7,LARVLFL,TRANSCRIPTIONALREGULATORYPROTEIN,N/A
302,16vpA_6,21,TEEPGAPLTTPPTLHGNQARA,TRANSCRIPTIONALREGULATORYPROTEIN,N/A
303,1sayA_1,9,LLTPMSIIA,OXIDOREDUCTASE,N/A
304,1sayA_2,6,MPGAVP,OXIDOREDUCTASE,N/A
305,1hslA_1,7,YAADSRL,BINDINGPROTEIN,N/A
306,1hslA_2,10,VKDEKLFGVG,BINDINGPROTEIN,N/A
307,1i7oA_1,18,VVDEREVTTRKSFPTLPH,ISOMERASELYASE,N/A
308,8atcB_1,11,PSLPERIDNVL,TRANSFERASECARBAMOYLPASPARTATE,N/A
309,2dldA_1,9,VPVYSPNAI,OXIDOREDUCTASECHOHDNADA,N/A
310,2dldA_2,7,AFYTTHA,OXIDOREDUCTASECHOHDNADA,N/A
311,1el6A_1,22,DVHNFSIKDVGTIITNKTGVSP,STRUCTURALPROTEIN,N/A
312,1el6A_3,14,QEIISESKPGYGTW,STRUCTURALPROTEIN,N/A
313,1a4sA_1,4,ELGG,OXIDOREDUCTASE,N/A
314,1ddzA_1,7,LANGQSP,LYASE,N/A
315,1dr9A_1,7,LSVKADF,IMMUNESYSTEM,N/A
316,1a4sA_2,5,SISPV,OXIDOREDUCTASE,N/A
317,1b94A_1,8,LQDKWVIA,HYDROLASEDNA,N/A
318,1ddzA_2,10,FSNLAHTQTP,LYASE,N/A
319,1ebfA_1,7,VYHEATV,OXIDOREDUCTASE,N/A
320,1ebfA_2,8,GAGAAVTA,OXIDOREDUCTASE,N/A
321,1sbp_1,4,YTST,BINDINGPROTEIN,N/A
322,1sbp_2,5,ILAEP,BINDINGPROTEIN,N/A
323,1fce_1,6,SLDRQL,CELLULASEDEGRADATION,N/A
324,1sbp_3,12,VAKKYDDAFPKL,BINDINGPROTEIN,N/A
325,1fce_2,14,LLDAMWNNYSDSKG,CELLULASEDEGRADATION,N/A
326,1ddt_1,18,NFETRGKRGQDAMYEYMA,TOXIN,N/A
327,1ddt_2,8,NRPAYSPG,TOXIN,N/A
328,1d2oA_1,8,YTPGETSA,STRUCTURALPROTEIN,N/A
329,1ckqA_1,6,KHQGKD,PROTEINDNA,N/A
330,1ckqA_2,8,AGNAIERS,PROTEINDNA,N/A
331,1ckqA_3,4,LEGS,PROTEINDNA,N/A
332,1eg4A_1,11,MTELYQSLADL,STRUCTURALPROTEIN,N/A
333,1ckqA_4,7,LNRLDRL,PROTEINDNA,N/A
334,1bs2A_1,7,FNPQFLA,LIGASE,N/A
335,1eg4A_3,13,IISLCKAHLEDKY,STRUCTURALPROTEIN,N/A
336,1bs2A_3,8,GDWGKQFG,LIGASE,N/A
337,1bs2A_4,13,FREFSIEKYIDTY,LIGASE,N/A
338,1bs2A_5,25,FGMVQGMSTRKGTVVFLDNILEETK,LIGASE,N/A
339,1bp7A_1,5,IIAQI,COMPLEXENDONUCLEASEDNA,N/A
340,1ndh_1,6,GPNGLL,ELECTRONTRANSPORTFLAVOPROTEIN,N/A
341,1bp7A_3,10,LKIIEQLPSA,COMPLEXENDONUCLEASEDNA,N/A
342,1fcbA_1,6,CPPYAP,OXIDOREDUCTASECHOHDCYTOCHROMEA16JAN901FCB1FCB2,N/A
343,1d3cA_1,15,WQYTAATATPTIGHV,TRANSFERASE,N/A
344,1ttqB_1,13,FADLLKNYAGRPT,CARBONOXYGENLYASE,N/A
345,1ttqB_2,7,GAHKTNQ,CARBONOXYGENLYASE,N/A
346,1ttqB_3,5,FQRMI,CARBONOXYGENLYASE,N/A
347,2tbvC_1,10,LYFPQPTNTL,VIRUS,N/A
348,1wer_1,5,EKLES,GTPASEACTIVATION,N/A
349,1wer_2,17,GNVPELPDTTEHSRTDL,GTPASEACTIVATION,N/A
350,1hjp_1,12,FNNKQERTLFKE,DNARECOMBINATION,N/A
351,1ft1A_1,15,LVEWLKDPSQELEFI,TRANSFERASE,N/A
352,1hjp_2,29,LHGDLFXXXXXXXXXXXXXXXXXDAEQEA,DNARECOMBINATION,N/A
353,1ft1A_2,12,MIKLVPHNESAW,TRANSFERASE,N/A
354,1eluA_1,14,GTAEERYQAICQRS,LYASE,N/A
355,1f0xA_1,9,FEAEKNQQV,OXIDOREDUCTASE,N/A
356,1f0xA_2,4,AQYP,OXIDOREDUCTASE,N/A
357,1dioG_1,13,AMNFERAAELTAV,LYASE,N/A
358,1bk5A_1,12,LGNVAGDSTDYR,PROTEINTRANSPORT,N/A
359,1bk5A_2,9,ITAGNTEQI,PROTEINTRANSPORT,N/A
360,1aozA_1,7,FTYRITA,OXIDOREDUCTASEOXYGENACCEPTOR,N/A
361,1a5t_1,9,LAPPPEQYA,ZINCFINGER,N/A
362,1a5t_2,12,LALFQGDNWQAR,ZINCFINGER,N/A
363,1e1dA_1,13,LVMKGRRMAVTTM,HYBRIDCLUSTER,N/A
364,1a48_1,6,VATDRI,ATPBINDINGPROTEIN,N/A
365,1a48_2,14,VRNHLVDIAPGKTI,ATPBINDINGPROTEIN,N/A
366,1fbr_1,17,CLGEGSGRITCTSRNRC,CELLADHESIONPROTEIN,N/A
367,1a48_3,10,SLLVHKHKLI,ATPBINDINGPROTEIN,N/A
368,1prtB_1,7,IMTTRNT,TOXIN,N/A
369,1sesA_1,11,LLALDREVQEL,LIGASESYNTHETASE,N/A
370,1sesA_2,8,LREKEARL,LIGASESYNTHETASE,N/A
371,2bltA_1,11,IARGEISLDDA,HYDROLASEACTINGINCYCLICAMIDES,N/A
372,1qexA_1,16,WNYSIESMFGQKESPA,VIRUSVIRALPROTEIN,N/A
373,2bltA_2,9,SIGLFGALA,HYDROLASEACTINGINCYCLICAMIDES,N/A
374,1fwkA_1,11,VLHIPIDFKLD,TRANSFERASE,N/A
375,1d2eA_1,12,IPVPTRDLEKPF,RNABINDINGPROTEIN,N/A
376,1d2eA_2,9,PGSIQPHQK,RNABINDINGPROTEIN,N/A
377,2hdhA_1,9,FIVNRLLVP,OXIDOREDUCTASE,N/A
378,1pysB_1,10,TDRIERVFPI,AMINOACYLTRNASYNTHETASE,N/A
379,1pysB_2,8,LSEAWPEE,AMINOACYLTRNASYNTHETASE,N/A
380,1pysB_3,10,AGSPKPPEAI,AMINOACYLTRNASYNTHETASE,N/A
381,1pysB_4,31,GYETIPLALPAFFPAPDNRGVEAPYRKEQRL,AMINOACYLTRNASYNTHETASE,N/A
382,1pysB_5,12,LPDKPLAFQDPS,AMINOACYLTRNASYNTHETASE,N/A
383,2btvB_1,12,AAEQVYKIVKVP,VIRUSVIRALPROTEIN,N/A
384,2btvB_2,8,QGYIEAVQ,VIRUSVIRALPROTEIN,N/A
385,2btvB_3,7,KVDMRHL,VIRUSVIRALPROTEIN,N/A
386,2btvB_4,12,FWKAVLNDSPEA,VIRUSVIRALPROTEIN,N/A
387,2btvB_5,7,SLKLVLE,VIRUSVIRALPROTEIN,N/A
388,1oilA_1,5,WAGTA,HYDROLASE,N/A
389,2btvB_7,10,FINKRIVERV,VIRUSVIRALPROTEIN,N/A
390,1oilA_2,8,AEDPVAVI,HYDROLASE,N/A
391,1a8y_1,5,VLEDP,CALCIUMBINDINGPROTEIN,N/A
392,1dnv_1,7,KSPLNYK,VIRALCAPSID,N/A
393,1a8y_2,8,VEEHRRST,CALCIUMBINDINGPROTEIN,N/A
394,1dnv_2,25,PPEATQNVAESTHNLTRNFPADLFN,VIRALCAPSID,N/A
395,1hrdA_1,4,GSLV,OXIDOREDUCTASE,N/A
396,1dnv_3,14,EAQPTHFPFSTEAN,VIRALCAPSID,N/A
397,1hrdA_2,6,GANIVG,OXIDOREDUCTASE,N/A
398,1tdj_1,4,AQVT,ALLOSTERY,N/A
399,1tdj_2,7,REDRQPV,ALLOSTERY,N/A
400,1fgs_1,5,SHWPA,SYNTHETASE,N/A
401,1tdj_3,4,AGQG,ALLOSTERY,N/A
402,1tdj_4,11,VSERCELGEQR,ALLOSTERY,N/A
403,1han_1,7,TGEQGLG,OXIDOREDUCTASEOXYGENASE,N/A
404,1f6dA_1,13,TVIDALLWVRDQV,ISOMERASE,N/A
405,1f6dA_2,8,NPYGDGQA,ISOMERASE,N/A
406,2phlC_1,7,NTIGNEF,PLANTSEEDSTORAGEPROTEINVICILIN,N/A
407,2ushB_1,9,GKAQLEVKI,HYDROLASE,N/A
408,1tsdA_1,11,LLWFLQGDTNI,TRANSFERASEMETHYLTRANSFERASE,N/A
409,1cjxB_1,10,PVGAGLKVID,OXIDOREDUCTASE,N/A
410,1tsdA_2,13,TPDGRHIDQITTV,TRANSFERASEMETHYLTRANSFERASE,N/A
411,1qsaA_1,13,WRASGKQDPLAYL,TRANSFERASE,N/A
412,1dfmA_1,3,LLK,HYDROLASEDNA,N/A
413,1qsaA_2,22,VAWRLMGNDVTDEQAKWRDDAI,TRANSFERASE,N/A
414,1dfmA_2,4,DPVG,HYDROLASEDNA,N/A
415,1qsaA_3,8,YELKIDKA,TRANSFERASE,N/A
416,1dfmA_3,10,GLIEDFETDI,HYDROLASEDNA,N/A
417,1qsaA_4,6,ERFPLA,TRANSFERASE,N/A
418,1gcuA_1,4,EHVE,OXIDOREDUCTASE,N/A
419,1gcuA_2,15,LEEVPSVGVNKNIFL,OXIDOREDUCTASE,N/A
420,1d0sA_1,6,PQVGEK,TRANSFERASE,N/A
421,1d0sA_2,7,MPIVEAA,TRANSFERASE,N/A
422,1ee8A_1,5,LLRLG,DNABINDINGPROTEIN,N/A
423,1ct9A_1,6,YYHRDW,LIGASE,N/A
424,1rl6A_1,8,VSKGYEKA,RNABINDINGPROTEIN,N/A
425,1vls_1,14,HYANFKNMTPLPAM,CHEMOTAXIS,N/A
426,1qf8A_1,4,GIAQ,TRANSFERASE,N/A
427,1dpgA_1,7,LFRIDHY,OXIDOREDUCTASECHOHDNADP,N/A
428,4blcA_1,19,DVVFTDEMAHFDRERIPER,OXIDOREDUCTASE,N/A
429,4blcA_2,18,VRTFYLKVLNEEQRKRLC,OXIDOREDUCTASE,N/A
430,1seiA_1,5,LKRIS,RIBOSOMALPROTEIN,N/A
431,1evzA_1,6,EVASAV,OXIDOREDUCTASE,N/A
432,2bpa1_1,7,CCHLKNI,BACTERIOPHAGEPHIX174COATPROTEINS,N/A
433,2bpa1_2,13,LHTDQERDYFMQR,BACTERIOPHAGEPHIX174COATPROTEINS,N/A
434,2bpa1_3,3,FPP,BACTERIOPHAGEPHIX174COATPROTEINS,N/A
435,2bpa1_4,4,RVLI,BACTERIOPHAGEPHIX174COATPROTEINS,N/A
436,5acn_1,7,LQLLEPF,LYASECARBONOXYGEN,N/A
437,1yub_1,12,HTTDVPDKYWKL,METHYLTRANSFERASE,N/A
438,1bp1_1,16,VTNSVSSKLQPYFQTL,BACTERICIDAL,N/A
439,2pspA_1,10,PLPAQESEEC,TREFOILFAMILYOFPEPTIDES,N/A
440,1bp1_2,11,YQEAGVLKMTL,BACTERICIDAL,N/A
441,1bp1_3,7,VSASTPP,BACTERICIDAL,N/A
442,2pth_1,5,RLRIG,HYDROLASE,N/A
443,1bp1_5,5,MHTTG,BACTERICIDAL,N/A
444,1bp1_7,10,LVLPRVNEKL,BACTERICIDAL,N/A
445,1deoA_1,5,SSQTP,HYDROLASE,N/A
446,2azoB_1,5,PLETT,ENDONUCLEASE,N/A
447,2azoB_2,8,VRHKLKRV,ENDONUCLEASE,N/A
448,2azoB_3,4,LWSP,ENDONUCLEASE,N/A
449,1ofgA_1,4,GYRC,OXIDOREDUCTASE,N/A
450,1es6A_1,7,TQPLPAA,VIRUSVIRALPROTEIN,N/A
451,1cem_1,5,LKAEW,GLYCOSYLTRANSFERASE,N/A
452,1ofgA_2,26,VQTPGHANQSMMPQFIMPANNQFSAQ,OXIDOREDUCTASE,N/A
453,1cem_2,12,LYNHCVEHGSYV,GLYCOSYLTRANSFERASE,N/A
454,1qlmA_1,11,GGLATVELTEF,METHANOGENESIS,N/A
455,1ofgA_3,6,GEEGMQ,OXIDOREDUCTASE,N/A
456,1qlmA_3,7,VGSVQVS,METHANOGENESIS,N/A
457,1ki2B_1,7,LANTVRY,PHOSPHOTRANSFERASE,N/A
458,1ki2B_2,10,AWALDVLAKR,PHOSPHOTRANSFERASE,N/A
459,1soxA_1,7,LSPDEAP,OXIDOREDUCTASE,N/A
460,1soxA_2,4,LQCA,OXIDOREDUCTASE,N/A
461,1soxA_4,6,QQNDYK,OXIDOREDUCTASE,N/A
462,1qh5A_1,6,GHEYTI,HYDROLASE,N/A
463,1dfcA_1,11,WSVHIAMHPQV,STRUCTURALPROTEIN,N/A
464,1soxA_5,11,APAIQELPVQS,OXIDOREDUCTASE,N/A
465,1dfcA_2,9,ALEQSCAQV,STRUCTURALPROTEIN,N/A
466,1acc_1,8,PELKQKSS,TOXIN,N/A
467,1dfcA_3,11,FLMKLINRPII,STRUCTURALPROTEIN,N/A
468,1fxjA_1,10,LERVYQSEQA,TRANSFERASE,N/A
469,1acc_2,4,DGIP,TOXIN,N/A
470,1acc_3,7,LTKYKSS,TOXIN,N/A
471,1abe_1,5,VMMAA,BINDINGPROTEIN,N/A
472,1acc_4,10,IAVGADESVV,TOXIN,N/A
473,1abe_2,7,LPSPDVH,BINDINGPROTEIN,N/A
474,1h2rS_1,8,PTMFFGQT,OXIDOREDUCTASE,N/A
475,1abe_3,8,TEVTDVVL,BINDINGPROTEIN,N/A
476,1rss_1,8,PLKVFKQA,RIBOSOMALPROTEIN,N/A
477,1gph1_1,11,IDGINVHSARK,TRANSFERASEGLUTAMINEAMIDOTRANSFERASE20APR941GPH1GPH2,N/A
478,1fuoA_1,7,TQTLNEK,LYASE,N/A
479,1gph1_2,4,GIGR,TRANSFERASEGLUTAMINEAMIDOTRANSFERASE20APR941GPH1GPH2,N/A
480,1fuoA_2,8,ISGWVAML,LYASE,N/A
481,3pmgA_1,9,IVDSVEAYA,PHOSPHOTRANSFERASE,N/A
482,1fuoA_3,8,LMKIANDV,LYASE,N/A
483,1b04B_1,13,LKTSDSPTQRIGG,LIGASE,N/A
484,1a0fA_1,8,VPDRQLLA,TRANSFERASE,N/A
485,3pmgA_2,6,GFFVNP,PHOSPHOTRANSFERASE,N/A
486,1fuoA_4,23,IPENEPGSSIMPGKVNPTQCEAL,LYASE,N/A
487,3pmgA_3,15,EESFGTGSDHIREKD,PHOSPHOTRANSFERASE,N/A
488,1fuoA_5,8,MESFNKHC,LYASE,N/A
489,1b04B_3,4,AIDG,LIGASE,N/A
490,3pmgA_4,5,VEDIL,PHOSPHOTRANSFERASE,N/A
491,1b04B_4,8,VNPERRRC,LIGASE,N/A
492,1qgkA_1,6,NLVKIM,TRANSPORTRECEPTOR,N/A
493,1qgkA_2,15,ICELLPEAAINDVYL,TRANSPORTRECEPTOR,N/A
494,1qgkA_3,9,AVQKTTLVI,TRANSPORTRECEPTOR,N/A
495,1qgkA_4,15,FLGIGLKNYAEYQVC,TRANSPORTRECEPTOR,N/A
496,1cb8A_1,6,AVKELF,LYASE,N/A
497,1b87A_1,5,IYLGT,TRANSFERASE,N/A
498,1dhx_10,7,FNDYLSA,VIRUS,N/A
499,1dhx_11,9,FTRLKTKET,VIRUS,N/A
500,1dhx_12,6,DGTFYL,VIRUS,N/A
501,1dhx_13,9,FQPMSRQVV,VIRUS,N/A
502,1dhx_14,19,VPYPLIGKTAVDSITQKKF,VIRUS,N/A
503,1dhx_15,6,LFEVFD,VIRUS,N/A
504,2lbp_1,7,AGLDSSQ,PERIPLASMICBINDINGPROTEIN,N/A
505,2lbp_2,11,MPKRYDQDPAN,PERIPLASMICBINDINGPROTEIN,N/A
506,2lbp_3,6,LKGFDF,PERIPLASMICBINDINGPROTEIN,N/A
507,1rdr_1,4,FEGV,NUCLEOTIDYLTRANSFERASE,N/A
508,1rdr_2,8,LKRFFRAD,NUCLEOTIDYLTRANSFERASE,N/A
509,2kinA_1,8,VLPPNTTQ,MOTORPROTEIN,N/A
510,1gdtA_1,34,AQAERQRILERTNEGRQEAMAKGVVFGRKRKIDR,COMPLEXSITESPECIFICRECOMBINASEDNA11APR951GDT1GDT2,N/A
511,1qqeA_1,18,YAQDQSVALSNKCFIKCA,PROTEINTRANSPORT,N/A
512,1rthA_1,25,TQDFWEVQLGIPHPAGLKKKKSVTV,NUCLEOTIDYLTRANSFERASE,N/A
513,1rthA_3,10,IFQSSMTKIL,NUCLEOTIDYLTRANSFERASE,N/A
514,1rthA_4,12,TPDKKHQKEPPF,NUCLEOTIDYLTRANSFERASE,N/A
515,1rthA_5,16,LKEPVHGVYYDPSKDL,NUCLEOTIDYLTRANSFERASE,N/A
516,1rthA_6,7,VKLWYQL,NUCLEOTIDYLTRANSFERASE,N/A
517,1fchB_1,12,CLELKPDNQTAL,SIGNALINGPROTEIN,N/A
518,1fchB_2,9,LSGEYDKAV,SIGNALINGPROTEIN,N/A
519,1fchB_3,3,SRY,SIGNALINGPROTEIN,N/A
520,2glsA_1,3,RDP,LIGASEAMIDESYNTHETASE,N/A
521,2glsA_2,9,VLFGPEPEF,LIGASEAMIDESYNTHETASE,N/A
522,2glsA_3,4,GSGM,LIGASEAMIDESYNTHETASE,N/A
523,1c4zA_1,20,YVEFEGEQGVDEGGVSKEFF,LIGASE,N/A
524,1ng1_1,6,ALKEAL,SIGNALRECOGNITION,N/A
525,1c4zA_2,12,SHPVLYQSLKDL,LIGASE,N/A
526,1klo_1,21,GECLKCIYNTAGFYCDRCKEG,GLYCOPROTEIN,N/A
527,1c4zA_3,10,FVNLYSDYIL,LIGASE,N/A
528,1bqqT_1,14,ITLCDFIVPWDTLS,COMPLEXMETALLOPROTEINASERECEPTOR,N/A
529,1c4zA_4,7,ICGSRNL,LIGASE,N/A
530,1aoiF_1,11,RGVLKVFLENV,COMPLEXNUCLEOSOMECOREDNA,N/A
531,1b8aA_1,26,IVVLNRAETPLPLDPTGKVKAELDTR,LIGASE,N/A
532,1auvB_1,12,LHSVYNFCDKPW,SYNAPSE,N/A
533,1eemA_1,21,LDEAYPGKKLLPDDPYEKACQ,TRANSFERASE,N/A
534,1auvB_2,7,LINQTFY,SYNAPSE,N/A
535,1knyA_1,9,AKSVEAQTF,TRANSFERASE,N/A
536,1auvB_3,11,TEPFIDAKYDV,SYNAPSE,N/A
537,1chmA_1,8,CMRMRMIK,CREATINASE,N/A
538,1lam_1,7,GVLFASG,HYDROLASEALPHAAMINOACYLPEPTIDE,N/A
539,1cs1A_1,7,MELAQRN,LYASE,N/A
540,1qfmA_1,7,LYDYPKY,HYDROLASE,N/A
541,1qfmA_2,14,LEPRVFREVTVKGI,HYDROLASE,N/A
542,2minB_1,5,AKACQ,NITROGENFIXATION,N/A
543,2minB_2,10,MFEGIARYFT,NITROGENFIXATION,N/A
544,2minB_3,16,PGFETYLGNFRVIKRM,NITROGENFIXATION,N/A
545,2minB_5,12,AGGTTQEEMKDA,NITROGENFIXATION,N/A
546,2minB_6,16,VPKLNIPMGLDWTDEF,NITROGENFIXATION,N/A
547,1c3gA_1,9,IQEKSHPNF,CHAPERONE,N/A
548,1aoa_1,9,IKIGLFADI,ACTINBINDINGPROTEIN,N/A
549,1nkr_1,10,IVIIGLYEKP,INHIBITORYRECEPTOR,N/A
550,1clqA_1,16,IPQGRSHPVQPYPGAF,TRANSFERASEDNA,N/A
551,2hhmA_1,17,TARKGKGAFCNGQKLQV,HYDROLASE,N/A
552,1clqA_3,14,VFNQRKEHKGYMLA,TRANSFERASEDNA,N/A
553,1efvA_1,25,ASSTSPVEISEWLDQKLTKSDRPEL,ELECTRONTRANSPORT,N/A
554,1clqA_4,11,AQRTEVAGMTA,TRANSFERASEDNA,N/A
555,1cfb_1,6,TQPDVP,NEURALADHESIONMOLECULE,N/A
556,1clqA_5,9,ALQWIERKV,TRANSFERASEDNA,N/A
557,1clqA_6,8,IDRGFREM,TRANSFERASEDNA,N/A
558,1clqA_8,10,FEKEFRQLNY,TRANSFERASEDNA,N/A
559,1tl2A_1,19,GNGGWNQFQFLFFDPNGYL,SUGARBINDINGPROTEIN,N/A
560,1clqA_9,7,MDYTVLL,TRANSFERASEDNA,N/A
561,1tl2A_2,12,ATEVGSGGWSGF,SUGARBINDINGPROTEIN,N/A
562,1qunB_1,6,VPTGGC,CHAPERONESTRUCTURALPROTEIN,N/A
563,1unkA_1,14,LDVLLEHFVKITEH,IMMUNITYPROTEIN,N/A
564,1oneA_1,10,AAAEKNVPLY,LYASE,N/A
565,1fjgM_1,15,EGELRAEVAANIKRL,RIBOSOME,N/A
566,1bjwA_1,10,LTAGEPDFDT,AMINOTRANSFERASE,N/A
567,1bjwA_2,11,AREAYRRRRDL,AMINOTRANSFERASE,N/A
568,1pnf_1,7,PDYKYSA,HYDROLASE,N/A
569,1pnf_2,11,LGALGCSANPI,HYDROLASE,N/A
570,1a41_1,7,LRTYGVN,ISOMERASE,N/A
571,1aol_1,12,WGLEYQAPYSSP,VIRALGLYCOPROTEIN,N/A
572,1atiA_1,12,FTREELPNGEER,PROTEINBIOSYNTHESIS,N/A
573,1aol_2,6,KLDQVT,VIRALGLYCOPROTEIN,N/A
574,1qrdA_1,14,AGFAYTYATMYDKG,QUINONEREDUCTASECYTOSOLIC,N/A
575,1qrdA_2,7,VLEPQLV,QUINONEREDUCTASECYTOSOLIC,N/A
576,1qrdA_3,7,VWEESPL,QUINONEREDUCTASECYTOSOLIC,N/A
577,1a17_1,9,AIELNPSNA,HYDROLASE,N/A
578,1tyw_1,50,VSGITGMVDPSRINVANLAEEGLGNIRANSFGYDSAAIKLRIHKLSKTLD,VIRALADHESIONPROTEIN,N/A
579,1tyw_2,17,NHKDCRGAEIPFVPDIA,VIRALADHESIONPROTEIN,N/A
580,1hleA_1,10,YFKGNWQQKF,HYDROLASEINHIBITORSERINEPROTEINASE,N/A
581,1hleA_2,9,PRFKLEESY,HYDROLASEINHIBITORSERINEPROTEINASE,N/A
582,2pia_1,5,PRNEF,REDUCTASE,N/A
583,2pia_2,20,TVHFESFGATNTNARENTPF,REDUCTASE,N/A
584,1dl5B_1,8,LGNLLERN,TRANSFERASE,N/A
585,1nar_1,6,INWVDY,PLANTSEEDPROTEIN,N/A
586,1dciA_1,8,AADISSKS,LYASE,N/A
587,1yveI_1,7,LEQEYKS,OXIDOREDUCTASE,N/A
588,1e4gT_1,7,STAEGVL,BACTERIALCELLDIVISION,N/A
589,1e4gT_2,4,KHVI,BACTERIALCELLDIVISION,N/A
590,1c3rA_1,11,YLRKKGFKRIL,LYASE,N/A
591,1e4gT_3,9,IIHARLREI,BACTERIALCELLDIVISION,N/A
592,1e4gT_4,11,GCYANSDRPSI,BACTERIALCELLDIVISION,N/A
593,1qr0A_1,7,LPDAHFN,TRANSFERASE,N/A
594,1mtyD_1,7,AKQDAYW,MONOOXYGENASE,N/A
595,1orb_1,9,ATLNRSLLK,SULFURTRANSFERASE,N/A
596,1auk_1,8,RQSLFFYP,HYDROLASE,N/A
597,1auk_2,11,KAQLDAAVTFG,HYDROLASE,N/A
598,1nmtA_1,10,NYVEDIDATF,MYRISTYLATION,N/A
599,1nmtA_3,5,AATPV,MYRISTYLATION,N/A
600,19hcA_1,14,VSCHQSETKERREC,ELECTRONTRANSPORT,N/A
601,1bgxT_1,9,GYLITPAWL,COMPLEXPOLYMERASEINHIBITOR,N/A
602,1bgxT_2,7,SWDLAKV,COMPLEXPOLYMERASEINHIBITOR,N/A
603,1nmtA_5,8,NKQNIWQA,MYRISTYLATION,N/A
604,19hcA_3,13,TVLAEATVAPVSP,ELECTRONTRANSPORT,N/A
605,1bgxT_3,27,LEFGSLLHEFGLLESPKALEEAPWPPP,COMPLEXPOLYMERASEINHIBITOR,N/A
606,1bgxT_4,16,LSLEVAEEIARLEAEV,COMPLEXPOLYMERASEINHIBITOR,N/A
607,19hcA_5,33,TCHHRSPLSLTPPKCGSCHTKEIDAADPGRPNL,ELECTRONTRANSPORT,N/A
608,1bgxT_5,17,LQYRELTKLKSTYIDPL,COMPLEXPOLYMERASEINHIBITOR,N/A
609,1fdr_1,5,AAGFF,FLAVOPROTEIN,N/A
610,1c1kA_1,19,ALVFYREYIGRLKQIKFKF,DNABINDINGPROTEIN,N/A
611,1fo1A_1,24,IIIXXXXXXXXXXXELKPEQVEQL,RNABINDINGPROTEIN,N/A
612,3hsc_1,13,LNVLRIINEPTAA,HYDROLASEACTINGONACIDANHYDRIDES,N/A
613,3hsc_2,14,STAGDTHLGGEDFD,HYDROLASEACTINGONACIDANHYDRIDES,N/A
614,3hsc_3,9,LNADLFRGT,HYDROLASEACTINGONACIDANHYDRIDES,N/A
615,3hsc_4,6,PDEAVA,HYDROLASEACTINGONACIDANHYDRIDES,N/A
616,1f97A_1,5,VLVPP,CELLADHESION,N/A
617,1floB_1,26,IIPYYGQKHQSDITDIVSSLQLQFES,LIGASELYASEDNA,N/A
618,1b35C_1,43,GRMANFDGMDMSHKMALSSTNEIETNEGLAGTSLDVMDLSRVL,VIRUSVIRALPROTEIN,N/A
619,1ps1A_1,4,AESR,ANTIBIOTICBIOSYNTHESIS,N/A
620,1qj2C_1,8,DLRDIGDL,OXIDOREDUCTASE,N/A
621,1ryt_1,18,ARNIKEGRVFLREQATKW,ELECTRONTRANSPORT,N/A
622,1qj2C_2,9,IPVPPTGHG,OXIDOREDUCTASE,N/A
623,1b3oB_1,11,KKYEQGFITDP,DEHYDROGENASE,N/A
624,1b3oB_2,15,IARTDLKKNRDYPLA,DEHYDROGENASE,N/A
625,1dnlA_1,12,KYFHSRPRDSQI,OXIDOREDUCTASE,N/A
626,1dnlA_2,8,VPLPSFWG,OXIDOREDUCTASE,N/A
627,1ftrA_1,7,AFEAKMA,FORMYLTRANSFERASE,N/A
628,1rl2B_1,5,EIXSG,RIBOSOMALPROTEIN,N/A
629,1ftrA_2,7,TTGVAGG,FORMYLTRANSFERASE,N/A
630,1sva1_1,57,KRSVKNPYPISFLLSDLINRRTQRVDGQPMIGMSSQVEEVRVYEDTEELPGDPDMIR,VIRUSCOATPROTEIN,N/A
631,2sqcA_1,7,WWGPLLS,ISOMERASE,N/A
632,2sqcA_2,8,YPWEKVPM,ISOMERASE,N/A
633,1ytfD_1,32,VAETLKDNTQSKLTVKGNLDTYGFCDDVWTFI,COMPLEXTRANSCRIPTIONREGULATIONDNA,N/A
634,2sqcA_3,8,SRQPVFPL,ISOMERASE,N/A
635,2sqcA_5,6,FQASIS,ISOMERASE,N/A
636,1nfkA_1,10,DSKAPNASNL,COMPLEXTRANSCRIPTIONFACTORDNA,N/A
637,2sqcA_6,8,VDNTSDLP,ISOMERASE,N/A
638,1vdeA_1,10,APILYENDHF,ENDONUCLEASE,N/A
639,1vdeA_2,12,PAAAFARECRGF,ENDONUCLEASE,N/A
640,1dq3A_1,4,GGMP,HYDROLASE,N/A
641,1bjt_1,6,FITPII,TOPOISOMERASE,N/A
642,1aorA_1,19,KVNKLRNDPVAGGGLPKYG,OXIDOREDUCTASE,N/A
643,1bjt_2,22,SHKFTWKQKYYKGLGTSLAQEV,TOPOISOMERASE,N/A
644,1dq3A_3,8,TSHYLKLL,HYDROLASE,N/A
645,1aorA_2,9,LILFQDLTA,OXIDOREDUCTASE,N/A
646,1bjt_3,30,EPXXXXXXXXXXXXXXXFINKELILFSLAD,TOPOISOMERASE,N/A
647,1bt3A_1,14,YKLPAVTTMKVRPA,OXIDOREDUCTASE,N/A
648,1dq3A_4,10,LSNHKGGNFG,HYDROLASE,N/A
649,1aorA_3,9,FNLKAGLDP,OXIDOREDUCTASE,N/A
650,1dq3A_5,6,VKRMLH,HYDROLASE,N/A
651,1bjt_5,8,NKLTRKIF,TOPOISOMERASE,N/A
652,1bt3A_3,12,GKLIGDPSFGLP,OXIDOREDUCTASE,N/A
653,1b3uA_1,10,FAKVLELDNV,SCAFFOLDPROTEIN,N/A
654,1bjt_6,20,MHPWFRGWTGTIEEIEPLRY,TOPOISOMERASE,N/A
655,1bt3A_4,8,RDYTDSDW,OXIDOREDUCTASE,N/A
656,1alwA_1,8,LWNNIKKW,CALCIUMBINDING,N/A
657,1b3uA_2,9,SWRVRYMVA,SCAFFOLDPROTEIN,N/A
658,1bjt_7,5,LISPI,TOPOISOMERASE,N/A
659,1opmA_1,10,TRVPQPLIAG,OXIDOREDUCTASE,N/A
660,1tx4A_1,8,FLRELPEP,COMPLEXGTPASEACTIVATNPROTOONCOGENE29JUL971TX4,N/A
661,1b3uA_3,13,LSQSLLPAIVELA,SCAFFOLDPROTEIN,N/A
662,1bjt_8,11,RKDHMSERLQW,TOPOISOMERASE,N/A
663,1bjt_9,8,KETELENL,TOPOISOMERASE,N/A
664,1cdh_1,6,LLVFGL,TCELLSURFACEGLYCOPROTEIN,N/A
665,1poy2_1,4,IWGA,TRANSPORTPROTEIN,N/A
666,1poy2_2,4,FWMD,TRANSPORTPROTEIN,N/A
667,1poy2_3,12,ARKLLSPEVAND,TRANSPORTPROTEIN,N/A
668,1qu6A_1,28,ILNKEKKAVSPLLLTTTNSSEGLSMGNY,TRANSFERASE,N/A
669,1vns_1,10,FFALLNDPRG,HALOPEROXIDASE,N/A
670,1af7_1,8,LTTNLTAF,METHYLTRANSFERASE,N/A
671,1vns_2,10,AVTYKKEEDL,HALOPEROXIDASE,N/A
672,1adeA_1,11,LGPRYVDYVLG,LIGASESYNTHETASE,N/A
673,1jkw_1,10,LNFHLIVHNP,CELLDIVISION,N/A
674,1jkw_2,7,VKKYEPP,CELLDIVISION,N/A
675,1h2rL_1,11,STLFRGLEIIL,OXIDOREDUCTASE,N/A
676,1h2rL_2,6,VGVHIP,OXIDOREDUCTASE,N/A
677,1h2rL_3,9,HLHALDFVD,OXIDOREDUCTASE,N/A
678,1h2rL_4,9,IATAHYLEA,OXIDOREDUCTASE,N/A
679,1h2rL_5,15,YIPDLLVVAAAYKDW,OXIDOREDUCTASE,N/A
680,1h2rL_6,6,ARGIET,OXIDOREDUCTASE,N/A
681,1esc_1,7,TLGFNRI,HYDROLASESERINEESTERASE,N/A
682,1h2rL_7,13,ICAPWEMPKQAEG,OXIDOREDUCTASE,N/A
683,1esc_2,12,GKQWLDDQFERV,HYDROLASESERINEESTERASE,N/A
684,1bo1A_1,4,TRNV,TRANSFERASE,N/A
685,1esc_3,4,YPRL,HYDROLASESERINEESTERASE,N/A
686,1h2rL_8,5,FQLVV,OXIDOREDUCTASE,N/A
687,1esc_4,7,DQIQKRL,HYDROLASESERINEESTERASE,N/A
688,1esc_5,9,LYAGTGANT,HYDROLASESERINEESTERASE,N/A
689,1esc_6,8,AHPNDKGR,HYDROLASESERINEESTERASE,N/A
690,1kas_1,11,AKIYAELVGFG,ACYLTRANSFERASE,N/A
691,1kas_2,7,SSTKSMT,ACYLTRANSFERASE,N/A
692,4crxA_1,11,NVDAGERAKQA,PROTEINDNA,N/A
693,1qjbB_1,6,AYKNVV,COMPLEXSIGNALTRANSDUCTIONPEPTIDE,N/A
694,1qjbB_2,17,ICNDVLSLLEKFLIPNA,COMPLEXSIGNALTRANSDUCTIONPEPTIDE,N/A
695,1qjbB_3,9,AYQEAFEIS,COMPLEXSIGNALTRANSDUCTIONPEPTIDE,N/A
696,1hcy_1,6,VLPPLY,OXYGENTRANSPORT,N/A
697,1qm9A_1,25,DYGNSPLHRFKKPGSKNFQNIFPPS,RIBONUCLEOPROTEIN,N/A
698,2hpaA_1,5,GFGQL,HYDROLASE,N/A
699,1dkgA_1,8,VRKFGVEV,COMPLEXHSP24HSP70,N/A
700,1hcy_2,6,FNVSFT,OXYGENTRANSPORT,N/A
701,2hpaA_2,11,FQKRLHPYKDF,HYDROLASE,N/A
702,1uag_1,7,IEIVGDI,LIGASE,N/A
703,1hcy_3,12,NIHHVTWHMDFP,OXYGENTRANSPORT,N/A
704,2hpaA_3,5,SELSL,HYDROLASE,N/A
705,1uag_2,6,FTGLPH,LIGASE,N/A
706,1d3uB_1,9,LFVKPTDYV,GENEREGULATIONDNA,N/A
707,1hcy_4,19,TARFDFERLSNWLDPVDEL,OXYGENTRANSPORT,N/A
708,1hcy_5,13,AHVHDLEITESRI,OXYGENTRANSPORT,N/A
709,1hcy_6,8,YGSLHNTA,OXYGENTRANSPORT,N/A
710,1hcy_7,8,FFRLHKYM,OXYGENTRANSPORT,N/A
711,1hcy_8,3,TFF,OXYGENTRANSPORT,N/A
712,1hcy_9,5,ARVHR,OXYGENTRANSPORT,N/A
713,1mrj_1,10,ISLENSWSAL,RIBOSOMEINACTIVATINGPROTEIN,N/A
714,1dqrA_1,5,VLHVA,ISOMERASE,N/A
715,1dqrA_2,7,LSGAHWM,ISOMERASE,N/A
716,1cii_1,9,YKNTLSAQQ,TRANSMEMBRANEPROTEIN,N/A
717,1dqrA_3,25,DQWGVELGKQLAKKIEPELDGSSPV,ISOMERASE,N/A
718,1cii_2,10,LRLHTESRML,TRANSMEMBRANEPROTEIN,N/A
719,1d2rA_1,12,ARIPKVGARIMS,LIGASE,N/A
720,1cii_3,8,AEKRQKDA,TRANSMEMBRANEPROTEIN,N/A
721,1d2rA_2,11,IETLRPIQERY,LIGASE,N/A
722,1cii_4,12,LDTRLSELEKNG,TRANSMEMBRANEPROTEIN,N/A
723,1hqmC_10,7,HIERYEI,TRANSCRIPTION,N/A
724,1cii_5,7,LKATKDA,TRANSMEMBRANEPROTEIN,N/A
725,1eg7A_1,15,VYRRLKDKPDGKLIL,LIGASE,N/A
726,1hqmC_11,5,VAQKR,TRANSCRIPTION,N/A
727,1dp4C_1,7,GPSHVKL,HORMONEGROWTHFACTORRECEPTORLYASE,N/A
728,1hqmC_12,13,MVEDKMHARSTGP,TRANSCRIPTION,N/A
729,1dp4C_2,7,TYKEPDN,HORMONEGROWTHFACTORRECEPTORLYASE,N/A
730,1eg7A_3,8,ADYVVTEA,LIGASE,N/A
731,1dp4C_3,5,RDTDF,HORMONEGROWTHFACTORRECEPTORLYASE,N/A
732,1eg7A_4,8,ITGAIMTM,LIGASE,N/A
733,1sftA_1,7,YPLKEAF,ISOMERASE,N/A
734,1am7A_1,5,QDAVA,GLYCOSIDASE,N/A
735,1mroA_1,13,PEEKKTTFYTLGG,METHANOGENESIS,N/A
736,1mroA_2,23,AAKRGIPQYNPDIGTPLGQRVLM,METHANOGENESIS,N/A
737,1mroA_3,5,IRRTV,METHANOGENESIS,N/A
738,1mroA_4,6,EVIHMG,METHANOGENESIS,N/A
739,1fcdC_1,6,QTYQPA,ELECTRONTRANSPORTFLAVOCYTOCHROME,N/A
740,1djxB_1,11,FYKMLTQRAEI,LIPIDDEGRADATION,N/A
741,1djxB_2,21,YLLSADGNAFSLAHRRVYQDM,LIPIDDEGRADATION,N/A
742,1fxkC_1,6,TSEVIM,CHAPERONE,N/A
743,1djxB_3,15,FNSRALTQGPWWRPE,LIPIDDEGRADATION,N/A
744,1sra_1,9,PLRMRDWLK,CALCIUMBINDINGPROTEIN,N/A
745,1ecrA_1,8,MEQELAIF,COMPLEXDNABINDINGPROTEINDNA,N/A
746,1sra_2,6,YIFPVH,CALCIUMBINDINGPROTEIN,N/A
747,1ecrA_2,4,FRHL,COMPLEXDNABINDINGPROTEINDNA,N/A
748,1gpc_1,4,AILV,DNABINDINGPROTEIN,N/A
749,1gpc_2,7,VKRKTSY,DNABINDINGPROTEIN,N/A
750,1ecrA_4,7,IQHINKL,COMPLEXDNABINDINGPROTEINDNA,N/A
751,1gpc_3,9,LSEMTSKDK,DNABINDINGPROTEIN,N/A
752,1ecrA_5,7,YRTLTVL,COMPLEXDNABINDINGPROTEINDNA,N/A
753,1b0pA_1,6,TTPKGT,OXIDOREDUCTASE,N/A
754,1b0pA_2,11,APAETKAEPMT,OXIDOREDUCTASE,N/A
755,1ecrA_7,7,IKRPVKV,COMPLEXDNABINDINGPROTEINDNA,N/A
756,1b0pA_3,21,FAPAGGKADGSVDFGEGAEFC,OXIDOREDUCTASE,N/A
757,1ecrA_8,20,YDADNVQHRYKPQAQPLRLI,COMPLEXDNABINDINGPROTEINDNA,N/A
758,1dt9A_1,11,LTALLSDDSKF,TRANSLATION,N/A
759,1dt9A_2,9,LSNVKFIQE,TRANSLATION,N/A
760,1f5mB_1,10,AYKSLAVDIN,SIGNALINGPROTEIN,N/A
761,1b89A_1,10,QDRGYFEELI,CLATHRIN,N/A
762,1ndoA_1,13,HDSLIPAPGDYVT,NONHEMEIRONDIOXYGENASE,N/A
763,1b89A_2,11,AWKEGQFKDII,CLATHRIN,N/A
764,1ndoA_2,10,LKEVARVESF,NONHEMEIRONDIOXYGENASE,N/A
765,1cjaA_1,6,LQPAKP,TRANSFERASE,N/A
766,1rdzA_1,8,LVDRNVKI,HYDROLASE,N/A
767,1cjaA_2,11,VKRSTNIESET,TRANSFERASE,N/A
768,1cjaA_4,4,LVRG,TRANSFERASE,N/A
769,1cjaA_5,8,GNLDNIML,TRANSFERASE,N/A
770,1qrjB_1,6,AKDPSW,VIRUSVIRALPROTEIN,N/A
771,3proD_1,11,VRNVRYSLKQL,PROREGION,N/A
772,1cjaA_7,16,CASFDLDAFERELLSW,TRANSFERASE,N/A
773,1ej6D_1,15,YPFLARDPRFKHRVY,VIRUSVIRALPROTEIN,N/A
774,1ej6D_2,12,KRDKLEAWARED,VIRUSVIRALPROTEIN,N/A
775,1fpoA_1,5,LRHPL,CHAPERONE,N/A
776,1qcnB_1,6,HLPATI,HYDROLASE,N/A
777,1qhaA_1,11,AYRLAEQHRQI,TRANSFERASE,N/A
778,1bjnA_1,8,VAEMDKIN,AMINOTRANSFERASE,N/A
779,1fmtA_1,9,AEKLSKEEA,FORMYLTRANSFERASE,N/A
780,1df1A_1,19,LTRGPRDKPTPLEELLPHA,OXIDOREDUCTASE,N/A
781,1df1A_2,9,IETTGTYQL,OXIDOREDUCTASE,N/A
782,1df1A_3,6,VLEVTM,OXIDOREDUCTASE,N/A
783,1df1A_5,6,MGTEIG,OXIDOREDUCTASE,N/A
784,1df1A_6,12,SFQKQNVTIMDH,OXIDOREDUCTASE,N/A
785,6paxA_1,14,IRPRAIGGSKPRVA,GENEREGULATIONDNA,N/A
786,1fkmA_1,11,YIHGQPGILRQ,ENDOCYTOSISEXOCYTOSIS,N/A
787,1ad2_1,11,LPHGLGKQVRV,RIBOSOMALPROTEIN,N/A
788,1ad2_2,7,KAGRIEF,RIBOSOMALPROTEIN,N/A
789,1dm0A_1,5,TLNWG,TOXIN,N/A
790,1al04_1,17,TLDFVGYPRFPAPVEFI,COMPLEXVIRUSCAPSIDPROTEINS,N/A
791,1cg2A_1,5,TSGIA,METALLOCARBOXYPEPTIDASE,N/A
792,1cg2A_2,11,KVIVTRGRPAF,METALLOCARBOXYPEPTIDASE,N/A
793,3ecaA_1,8,VSKLNELP,HYDROLASE,N/A
794,2gstA_1,9,LARKHHLCG,GLUTATHIONETRANSFERASE,N/A
795,1a73A_1,15,VPFLLEPDNINGKTC,COMPLEXHOMINGENDONUCLEASEDNA,N/A
796,1skz_1,15,CEFCKCRLEPMKATC,SERINEPROTEASEINHIBITOR,N/A
797,6mhtA_1,9,PKPFELNTF,COMPLEXMETHYLTRANSFERASEDNA,N/A
798,1fugA_1,22,IGKQSPDINQGVDRADPLEQGA,TRANSFERASE,N/A
799,6mhtA_2,5,FGNSV,COMPLEXMETHYLTRANSFERASEDNA,N/A
800,1fugA_2,4,LMPA,TRANSFERASE,N/A
801,1fugA_3,14,ARHGGGAFSGKDPS,TRANSFERASE,N/A
802,1sfe_1,14,LPLDIRGTAFQQQV,DNABINDINGPROTEIN,N/A
803,1g6oA_1,9,IPSKTTYPH,HYDROLASE,N/A
804,1tplA_1,9,LTDSGTNAM,LYASECARBONCARBON,N/A
805,1tplA_2,8,IEHRVKQV,LYASECARBONCARBON,N/A
806,1pii_1,5,LLGEN,BIFUNCTIONALISOMERASEANDSYNTHASE,N/A
807,1a0p_1,7,KDLSEAQ,DNARECOMBINATION,N/A
808,1pfo_1,9,ARTQYSESM,TOXIN,N/A
809,1pfo_2,3,AYK,TOXIN,N/A
810,1pfo_3,3,GRT,TOXIN,N/A
811,1pfo_4,11,IRKVIKDNATF,TOXIN,N/A
812,1pfo_5,6,AVHNKT,TOXIN,N/A
813,2ezxA_1,8,AYVVLGQF,DNABINDINGPROTEIN,N/A
814,2qilA_1,7,VTNTEKL,STAPHYLOCOCCALENTEROTOXIN,N/A
815,1gpmA_1,11,CEALWTPAKII,TRANSFERASEGLUTAMINEAMIDOTRANSFERASE04APR951GPM1GPM2,N/A
816,1gpmA_2,14,LYRHPFPGPGLGVR,TRANSFERASEGLUTAMINEAMIDOTRANSFERASE04APR951GPM1GPM2,N/A
817,1b7eA_1,18,LRAQGLLKEAEHVESQSA,TRANSFERASEINHIBITOR,N/A
818,1dl2A_1,6,SMEGMK,HYDROLASE,N/A
819,1ajqA_1,23,IFVGTMANRFSDSTSEIDNLALL,ANTIBIOTICRESISTANCE,N/A
820,1dl2A_2,7,TKKSNNM,HYDROLASE,N/A
821,1bmtA_1,16,LEPFIEASKEQGKTNG,METHYLTRANSFERASE,N/A
822,1cr5A_1,14,AKAFDLFKYSGKQS,ENDOCYTOSISEXOCYTOSIS,N/A
823,1f1zA_1,15,TDKEINPVVKENIEW,DNABINDINGPROTEIN,N/A
824,1hcy_10,8,SKDSSVTV,OXYGENTRANSPORT,N/A
825,1hcy_11,14,LSAYERSCGIPDRM,OXYGENTRANSPORT,N/A
826,1skf_1,12,VVLAQSNLNLDA,PENICILLINBINDING,N/A
827,1skf_2,17,DKYGSGSTRAARVKSFI,PENICILLINBINDING,N/A
828,1skf_3,8,VKTKAYTA,PENICILLINBINDING,N/A
829,1yrgA_1,14,KKAKNAPPLRSIIC,TRANSCRIPTION,N/A
830,1c3d_1,9,AGDFLEANY,COMPLEMENT,N/A
831,2mbr_1,5,AGSFF,OXIDOREDUCTASE,N/A
832,2mbr_2,6,LEPEVR,OXIDOREDUCTASE,N/A
833,1ash_1,9,AKVDTSNEA,OXYGENSTORAGE,N/A
834,1ash_2,7,GQKILLA,OXYGENSTORAGE,N/A
835,1ewqA_1,8,REVTQLLT,REPLICATIONDNA,N/A
836,1ewqA_2,6,YDPGAF,REPLICATIONDNA,N/A
837,1pkp_1,10,LIEVPIVGTT,RIBOSOMALPROTEIN,N/A
838,1ewqA_3,11,VEGFVREGALR,REPLICATIONDNA,N/A
839,1ewqA_4,10,RAAHREGVAY,REPLICATIONDNA,N/A
840,1pjr_1,7,LEQNYRS,HELICASE,N/A
841,9icwA_1,10,LEKIRQDDTS,COMPLEXNUCLEOTIDYLTRANSFERASEDNA,N/A
842,1ewqA_5,10,KEKEREVYRL,REPLICATIONDNA,N/A
843,9icwA_2,9,LIPKDQYYC,COMPLEXNUCLEOTIDYLTRANSFERASEDNA,N/A
844,1ewqA_6,5,AARIL,REPLICATIONDNA,N/A
845,1ewqA_7,12,ERRTEFVPNDLE,REPLICATIONDNA,N/A
846,1ewqA_8,7,KSTFLRQ,REPLICATIONDNA,N/A
847,1cwvA_1,7,FVKGTIA,STRUCTURALPROTEIN,N/A
848,1dd5A_1,9,LRKMRTGKP,RIBOSOME,N/A
849,1ewqA_9,9,PLFDGIYTR,REPLICATIONDNA,N/A
850,1cwvA_2,7,FTADPIP,STRUCTURALPROTEIN,N/A
851,1cwvA_3,5,LFPVP,STRUCTURALPROTEIN,N/A
852,1dd5A_2,9,FPSPTTEQR,RIBOSOME,N/A
853,1cwvA_4,5,PNRWI,STRUCTURALPROTEIN,N/A
854,7odcA_1,10,LDEGFTAKDI,LYASE,N/A
855,7odcA_2,5,YVASA,LYASE,N/A
856,1aa7A_1,19,VPSERGLQRRRFVQNALNG,MATRIXPROTEIN,N/A
857,1bkdS_1,5,IQRKK,COMPLEXONCOGENEPROTEINEXCHANGEFACTR06JUL981BKD,N/A
858,1bkdS_2,15,LTNILKTEEGNPEVL,COMPLEXONCOGENEPROTEINEXCHANGEFACTR06JUL981BKD,N/A
859,1fcfA_1,19,FLEPSRLAALRRGTAGSVT,HYDROLASE,N/A
860,1gd1O_1,5,NASCT,OXIDOREDUCTASEALDEHYDEDNADA,N/A
861,1dc1B_1,13,EKNKRSTPYIERA,HYDROLASEDNA,N/A
862,1fcfA_2,8,RQKVTINP,HYDROLASE,N/A
863,1gd1O_2,6,NETGYS,OXIDOREDUCTASEALDEHYDEDNADA,N/A
864,1dc1B_2,9,QGDSLGGTM,HYDROLASEDNA,N/A
865,1qfzA_1,11,KQDENIVVNKF,OXIDOREDUCTASE,N/A
866,1qfzA_2,6,PVGKEM,OXIDOREDUCTASE,N/A
867,1cliA_1,5,EKSEI,LIGASE,N/A
868,1yge_1,22,ANHTYVPSETPAPLVSYREEEL,DIOXYGENASE,N/A
869,1wykA_1,5,AFTYT,COATPROTEIN,N/A
870,1botZ_1,4,ALEG,TRANSFERASE,N/A
871,1cliA_3,15,LLAPTRIYVKSVLEL,LIGASE,N/A
872,1botZ_2,6,PEVREV,TRANSFERASE,N/A
873,1botZ_3,11,LQEKAVIEREF,TRANSFERASE,N/A
874,2pgi_1,8,PIRYDKNE,ISOMERASE,N/A
875,2pgi_2,7,IDRMMEG,ISOMERASE,N/A
876,1fzbF_1,51,ILTHDSSIRYLQEIYNSNNQKIVNLKEKVAQLEAQCQEPCKDTVQIHDITG,BLOODCOAGULATION,N/A
877,1en7A_1,26,YLEWLENLLTYLKSDYTQNNIHPNFV,HYDROLASE,N/A
878,1hqmD_1,28,SLTDILSGKQGRFRQNLLGKRVDYSGRS,TRANSCRIPTION,N/A
879,1hqmD_2,14,LSTTSGIITIGIDD,TRANSCRIPTION,N/A
880,1tf4A_1,12,FPPTEEPDGPEI,GLYCOSYLHYDROLASE,N/A
881,1hqmD_3,11,GARKGGADTAL,TRANSCRIPTION,N/A
882,2olbA_1,7,VRVDPYL,COMPLEXBINDINGPROTEINPEPTIDE,N/A
883,2olbA_2,4,YVNA,COMPLEXBINDINGPROTEINPEPTIDE,N/A
884,1qaxA_1,10,TSSSAPLMHA,OXIDOREDUCTASE,N/A
885,1qaxA_2,5,LSNLA,OXIDOREDUCTASE,N/A
886,1qaxA_3,10,HMALHARNIA,OXIDOREDUCTASE,N/A
887,1fgjA_1,12,FYKPPVSPKEVA,OXIDOREDUCTASE,N/A
888,1fgjA_2,11,ADHTKDIRMPT,OXIDOREDUCTASE,N/A
889,1fgjA_3,24,DNCHTRHEFSAAESRKPEACATCH,OXIDOREDUCTASE,N/A
890,1fgjA_4,19,ACHMEYEGEYTHNITRKTR,OXIDOREDUCTASE,N/A
891,1fgjA_5,11,LAKYQEANAIV,OXIDOREDUCTASE,N/A
892,1fgjA_6,7,ELKVLEM,OXIDOREDUCTASE,N/A
893,1bykA_1,4,CYDD,GENEREGULATION,N/A
894,1bykA_2,8,VDPGYAEA,GENEREGULATION,N/A
895,1ex1A_1,5,HRDLA,HYDROLASE,N/A
896,8gpb_1,7,RWLVLCN,GLYCOGENPHOSPHORYLASE,N/A
897,8gpb_2,6,SGKFSS,GLYCOGENPHOSPHORYLASE,N/A
898,1do8A_1,8,TFNDDIQG,OXIDOREDUCTASE,N/A
899,1do8A_2,8,VKERTWRS,OXIDOREDUCTASE,N/A
900,1bi1_1,10,GRTLATAVMR,REPRESSOR,N/A
901,1bi1_2,15,LGVXXXXXXXPGTRV,REPRESSOR,N/A
902,1f2dA_1,11,REDCNSGLAFG,LYASE,N/A
903,1f2dA_2,8,CSEHKYGG,LYASE,N/A
904,1b3qB_1,14,TLDLQNVVMKIRMV,TRANSFERASE,N/A
905,1b3qB_2,7,GIDKEKI,TRANSFERASE,N/A
906,1b3qB_3,23,DVVKNVVESLNGSMGIESEKDKG,TRANSFERASE,N/A
907,2bbkH_1,14,PEITHTEVFHPEDE,ELECTRONTRANSPORT,N/A
908,2bbkH_2,13,GEELRSVNQLGHG,ELECTRONTRANSPORT,N/A
909,1ahuA_1,9,MPNPRGYQS,FLAVOENZYME,N/A
910,1ahuA_2,7,WGEYRTH,FLAVOENZYME,N/A
911,1qrqA_1,6,PLACGI,METALTRANSPORT,N/A
912,1qrqA_2,3,LAI,METALTRANSPORT,N/A
913,1qrqA_3,12,AIQVLPKLSSSI,METALTRANSPORT,N/A
914,8atcA_1,15,LKANPQPELLKHKVI,TRANSFERASECARBAMOYLPASPARTATE,N/A
915,8atcA_2,9,AGDGSNQHP,TRANSFERASECARBAMOYLPASPARTATE,N/A
916,8atcA_3,8,YFQQAGNG,TRANSFERASECARBAMOYLPASPARTATE,N/A
917,1d0bA_1,9,LNSIDQIIA,CELLADHESION,N/A
918,1e96B_1,9,SINRDKHLA,SIGNALLINGCOMPLEX,N/A
919,1e96B_2,8,LFACEVLY,SIGNALLINGCOMPLEX,N/A
920,1dlc_1,18,VRLYPKEVKTELTRDVLT,TOXIN,N/A
921,1dlc_2,5,VDFFN,TOXIN,N/A
922,1huxA_1,11,ADKQMSELSCH,METALBINDINGPROTEIN,N/A
923,1fxxA_1,8,DLLDVMRA,HYDROLASE,N/A
924,1fxxA_2,7,GLPSFRL,HYDROLASE,N/A
925,1fxxA_3,11,AKLVKTRQPRL,HYDROLASE,N/A
926,1dowA_1,6,ADVYKL,CELLADHESION,N/A
927,1fxxA_4,18,PSDNVDAQLYNGFFSDAD,HYDROLASE,N/A
928,1fxxA_5,22,EQQRWLEHRRQVFTPEFLQGYA,HYDROLASE,N/A
929,1fa0B_1,8,LKKEGSFE,TRANSFERASE,N/A
930,1qba_1,10,QWKRTKDDKN,GLYCOSYLHYDROLASE,N/A
931,1fa0B_2,9,LNGTRVTDE,TRANSFERASE,N/A
932,1qba_2,9,LRGKIVPTP,GLYCOSYLHYDROLASE,N/A
933,1ak1_1,11,VESWYDEPKFV,PROTOHEMEFERROLYASE,N/A
934,1fa0B_3,6,FEKNDF,TRANSFERASE,N/A
935,1g7dA_1,8,PASELARI,ENDOCYTOSISEXOCYTOSIS,N/A
936,1oasA_1,6,VKCRIG,LYASE,N/A
937,1qba_3,5,DAPRF,GLYCOSYLHYDROLASE,N/A
938,1ak1_2,9,MPNAKPEFI,PROTOHEMEFERROLYASE,N/A
939,1oasA_2,10,LQQFSNPANP,LYASE,N/A
940,1qba_4,7,NIRLGAG,GLYCOSYLHYDROLASE,N/A
941,1qipB_1,5,QSYHN,LYASE,N/A
942,1scuB_1,9,LPAPVGYAC,LIGASEATPBINDING,N/A
943,1scuB_2,11,VEAATDIAKEL,LIGASEATPBINDING,N/A
944,1scuB_3,14,MRDQSQEDPREAQA,LIGASEATPBINDING,N/A
945,1heiA_1,9,TATPPGSVT,HELICASE,N/A
946,1heiA_2,18,GCAWYELMPAETTVRLRA,HELICASE,N/A
947,1oacB_1,16,FQSGLDQTFQVEKRPH,OXIDOREDUCTASE,N/A
948,2ts1_1,20,IPLVTKADGTKFGKTESGTI,LIGASESYNTHETASE,N/A
949,1qubA_1,6,CTPRVC,MEMBRANEADHESION,N/A
950,1a6q_1,14,PKVSPEAVKKEAEL,HYDROLASE,N/A
951,1qubA_2,5,APIIC,MEMBRANEADHESION,N/A
952,1bh9B_1,11,SGISKVFVGEV,TRANSCRIPTIONREGULATIONCOMPLEX,N/A
953,1qubA_3,6,CREVKC,MEMBRANEADHESION,N/A
954,1fp2A_1,14,VRGSDLCLAPMVEC,TRANSFERASE,N/A
955,1qubA_4,5,CKASC,MEMBRANEADHESION,N/A
956,1boy_1,7,PYLETNL,CLASS2CYTOKINERECEPTOR,N/A
957,1fp2A_2,9,AMASDSKLI,TRANSFERASE,N/A
958,1a63_1,10,HAKSGEDIFG,TRANSCRIPTIONTERMINATION,N/A
959,2dpmA_1,9,NDFNAELIN,TRANSFERASE,N/A
960,2dpmA_2,20,ISAISVYINNNQLEIKVGDF,TRANSFERASE,N/A
961,1bkb_1,7,VPIIEKF,TRANSLATION,N/A
962,1iarB_1,7,PSEHVKP,CYTOKINERECEPTOR,N/A
963,1bif_1,6,IHVTPR,BIFUNCTIONALENZYME,N/A
964,1pda_1,5,CERED,LYASEPORPHYRIN,N/A
965,1pda_2,4,QGAV,LYASEPORPHYRIN,N/A
966,1pda_3,12,LNHHETALRVTA,LYASEPORPHYRIN,N/A
967,1iow_1,7,TGSGVMA,LIGASE,N/A
968,1jlxA_1,10,VIDWKSIFQF,LECTIN,N/A
969,1aoiC_1,15,AAVLEYLTAEILELA,COMPLEXNUCLEOSOMECOREDNA,N/A
970,1gsa_1,7,PQSLRDC,LIGASE,N/A
971,1g5bB_1,3,LPL,VIRUSVIRALPROTEINHYDROLASE,N/A
972,1g5bB_2,6,YIDTGA,VIRUSVIRALPROTEINHYDROLASE,N/A
973,1qspA_1,11,GRKMEHFFPNK,SIGNALINGPROTEIN,N/A
974,1qlaB_1,7,VDTGNWF,OXIDOREDUCTASE,N/A
975,1cjcA_1,7,AEDHQAL,OXIDOREDUCTASE,N/A
976,1cjcA_2,6,SIGYKS,OXIDOREDUCTASE,N/A
977,1edhA_1,9,VTDQNDNRP,CELLADHESIONPROTEIN,N/A
978,1ignA_1,8,PPSIKRKF,COMPLEXDNABINDINGPROTEINDNA,N/A
979,1bylA_1,10,PDNTLAWVWV,ANTIBIOTIC,N/A
980,1ex2A_1,3,MVC,STRUCTURALGENOMICS,N/A
981,1ex2A_2,5,LRRLS,STRUCTURALGENOMICS,N/A
982,1ex2A_3,5,DKTEV,STRUCTURALGENOMICS,N/A
983,1gcb_1,14,VSTDSTPVTNQKSS,DNABINDINGPROTEIN,N/A
984,1ex2A_4,9,GIQGRGALF,STRUCTURALGENOMICS,N/A
985,1gcb_2,7,LDPSTPV,DNABINDINGPROTEIN,N/A
986,1bsvA_1,8,TNLYGPHD,OXIDOREDUCTASE,N/A
987,1bsvA_2,6,GTPMRE,OXIDOREDUCTASE,N/A
988,1bsvA_3,11,TGVDCTIRELA,OXIDOREDUCTASE,N/A
989,1a0i_1,8,AEIKYDGV,LIGASE,N/A
990,1a0i_2,9,WQAAESYEV,LIGASE,N/A
991,1f00I_1,5,FFTTL,CELLADHESION,N/A
992,1a0i_3,7,MKPENEA,LIGASE,N/A
993,1f00I_2,7,PNSLIVP,CELLADHESION,N/A
994,1qksA_1,9,LDPAAPPEF,OXIDOREDUCTASE,N/A
995,1qksA_2,17,LNNLKTTEISAERFLHD,OXIDOREDUCTASE,N/A
996,1qksA_3,19,LELKHVIKDERLVTPTGKF,OXIDOREDUCTASE,N/A
997,1mhlC_1,7,ARKIVGA,MYELOPEROXIDASE,N/A
998,1mhlC_2,6,YGHTLI,MYELOPEROXIDASE,N/A
999,1mhlC_3,5,LDLPA,MYELOPEROXIDASE,N/A
1000,3mbp_1,4,AVEA,PERIPLASMICBINDINGPROTEIN,N/A
1001,1mhlC_4,6,GDRFWW,MYELOPEROXIDASE,N/A
1002,3mbp_2,5,FVGVL,PERIPLASMICBINDINGPROTEIN,N/A
1003,3mbp_3,12,EEELAKDPRIAA,PERIPLASMICBINDINGPROTEIN,N/A
1004,2mnr_1,9,ALGKVHETP,RACEMASE,N/A
1005,1a8rA_1,20,TPLRPPVHEMDNETRKSLIA,HYDROLASE,N/A
1006,1f48A_1,5,LSTQP,HYDROLASE,N/A
1007,1a8rA_2,11,AKMYVDEIFSG,HYDROLASE,N/A
1008,1f48A_2,13,TERYRQHVLETKG,HYDROLASE,N/A
1009,1qrrA_1,14,RLDYDAVFGTALNR,ISOMERASE,N/A
1010,1qrrA_3,10,TEQFSVNELA,ISOMERASE,N/A
1011,1qrrA_4,11,VPNPRVEAEEH,ISOMERASE,N/A
1012,1qq5A_1,6,FDVQSV,HYDROLASE,N/A
1013,1qq5A_2,10,AQAYNRLTPY,HYDROLASE,N/A
1014,1bvb_1,17,ESCHGPGRNFRGDHRKS,ELECTRONTRANSPORT,N/A
1015,1fuiA_1,7,LLRFARA,ISOMERASE,N/A
1016,1f34B_1,8,GPQDMKMF,HYDROLASEHYDROLASEINHIBITOR,N/A
1017,1g9lA_1,49,SAAAATPAVRTVPQYKYAAGVRNPQQHLNAQPQVTMQQPAVHVQGQEPL,RNABINDINGPROTEIN,N/A
1018,1pnkB_1,5,GDDVD,ANTIBIOTICRESISTANCE,N/A
1019,1pnkB_2,11,SRAWDGKEVAS,ANTIBIOTICRESISTANCE,N/A
1020,1pnkB_3,8,YPDRQSGH,ANTIBIOTICRESISTANCE,N/A
1021,1a8d_1,7,YLSITFL,NEUROTOXIN,N/A
1022,1pnkB_5,5,TSRQD,ANTIBIOTICRESISTANCE,N/A
1023,1pnkB_6,4,AMAL,ANTIBIOTICRESISTANCE,N/A
1024,1yua_1,8,SRETRAPL,DNABINDINGPROTEIN,N/A
1025,1xgsA_1,10,VIEVPPTLIY,AMINOPEPTIDASE,N/A
1026,1xgsA_2,6,IYGYPV,AMINOPEPTIDASE,N/A
1027,1dik_1,4,MVFG,PHOSPHOTRANSFERASE,N/A
1028,1cz4A_1,9,VRKVRTEIA,HYDROLASE,N/A
1029,1dik_2,13,LVDEGMITEEEAV,PHOSPHOTRANSFERASE,N/A
1030,1dik_3,15,IETQEASVSGSFERI,PHOSPHOTRANSFERASE,N/A
1031,2dri_1,4,ASDN,SUGARTRANSPORT,N/A
1032,2dri_2,4,AQLP,SUGARTRANSPORT,N/A
1033,1amm_1,11,CRLIPQHTGTF,CRYSTALLIN,N/A
1034,1alo_1,11,LEFKMPADGRI,OXIDOREDUCTASE,N/A
1035,1alo_2,4,YFEQ,OXIDOREDUCTASE,N/A
1036,1alo_3,5,VGRQP,OXIDOREDUCTASE,N/A
1037,1alo_4,5,KRSPW,OXIDOREDUCTASE,N/A
1038,1alo_5,5,LSEDF,OXIDOREDUCTASE,N/A
1039,1oen_1,7,MMNYLLP,KINASE,N/A
1040,1oen_2,6,VFNFEG,KINASE,N/A
1041,1oen_3,6,HIDNIV,KINASE,N/A
1042,1dapA_1,10,GMFSINRVYA,OXIDOREDUCTASE,N/A
1043,1dapA_2,20,GDTGGFNHTVEYILKLDRNP,OXIDOREDUCTASE,N/A
1044,1ajsA_1,15,GVGAYRTDDCQPWVL,AMINOTRANSFERASE,N/A
1045,1ff9A_1,7,IGLDPGI,OXIDOREDUCTASE,N/A
1046,1ajsA_2,7,VKTMADR,AMINOTRANSFERASE,N/A
1047,1ff9A_2,6,PQFIKV,OXIDOREDUCTASE,N/A
1048,1lbeA_1,10,AQQQLPKNKV,HYDROLASE,N/A
1049,1ff9A_3,9,ATLEEKMQF,OXIDOREDUCTASE,N/A
1050,1lbeA_2,6,TLEDTL,HYDROLASE,N/A
1051,1ff9A_4,7,AMAKLVG,OXIDOREDUCTASE,N/A
1052,1lbeA_3,9,FWGMASSSY,HYDROLASE,N/A
1053,1au7A_1,10,KRRTTISIAA,COMPLEXDNABINDINGPROTEINDNA,N/A
1054,1qs2A_1,7,LKKSLDF,TOXIN,N/A
1055,1efdN_1,8,AETHLAQY,METALTRANSPORT,N/A
1056,1eblA_1,12,AASEEPGIISTH,TRANSFERASE,N/A
1057,1eblA_2,6,DNVVVT,TRANSFERASE,N/A
1058,1dkiC_1,7,GSFDVNG,TOXIN,N/A
1059,1eblA_3,11,AVRDGRIKPGQ,TRANSFERASE,N/A
1060,1g71A_1,12,PREMEGWRGAEL,REPLICATION,N/A
1061,1fp3A_1,8,GQELDRVM,ISOMERASE,N/A
1062,1g71A_2,5,SASEI,REPLICATION,N/A
1063,4aahA_1,7,YYSQHNS,OXIDOREDUCTASEPQQACHOHD,N/A
1064,1fp3A_2,9,YAQLGHWCA,ISOMERASE,N/A
1065,1g71A_3,8,TRFSKAYF,REPLICATION,N/A
1066,4aahA_2,6,HEGAPL,OXIDOREDUCTASEPQQACHOHD,N/A
1067,4aahA_3,7,QKTPHDE,OXIDOREDUCTASEPQQACHOHD,N/A
1068,1dquA_1,16,ATLITSTIDHRDHPFI,LYASE,N/A
1069,1f13A_1,5,ILFNP,COAGULATIONFACTOR,N/A
1070,1dquA_2,14,PRTREGYYRYQGGT,LYASE,N/A
1071,1f13A_2,5,LQMDI,COAGULATIONFACTOR,N/A
1072,1mrp_1,4,SGRS,IRONTRANSPORT,N/A
1073,1div_1,19,LEAQKQKEQRQAAEELANA,RIBOSOMALPROTEIN,N/A
1074,1f13A_4,4,SDLI,COAGULATIONFACTOR,N/A
1075,1fdo_1,4,HGPS,OXIDOREDUCTASE,N/A
1076,1mrp_2,5,LVSYS,IRONTRANSPORT,N/A
1077,2cmkA_1,5,LDSGA,TRANSFERASE,N/A
1078,1fdo_2,5,VRGQN,OXIDOREDUCTASE,N/A
1079,1mrp_3,13,VVSPFNLEPYEKL,IRONTRANSPORT,N/A
1080,2hgsA_1,6,AGLYSL,AMINECARBOXYLATELIGASE,N/A
1081,2cmkA_2,17,VREALLRRQRAFRELPG,TRANSFERASE,N/A
1082,1dhx_1,21,ARFTLAVGDNRVLDMASTYFD,VIRUS,N/A
1083,1f13A_6,16,AKKPLNTEGVMKSRSN,COAGULATIONFACTOR,N/A
1084,1fdo_3,15,CRDTSDADQGTSYLF,OXIDOREDUCTASE,N/A
1085,2hgsA_2,5,LMEKI,AMINECARBOXYLATELIGASE,N/A
1086,1dhx_2,7,EEEDEDE,VIRUS,N/A
1087,1f13A_7,6,LTIPEI,COAGULATIONFACTOR,N/A
1088,1qolC_1,6,LHTGIG,HYDROLASE,N/A
1089,1dhx_3,6,SMPNRP,VIRUS,N/A
1090,1dhx_4,10,DSYDPDVRII,VIRUS,N/A
1091,1anv_1,10,VTYKHHEPTG,DNABINDINGPROTEIN,N/A
1092,1anv_2,8,LLNALVMV,DNABINDINGPROTEIN,N/A
1093,1dhx_9,7,MDNVNPF,VIRUS,N/A
1094,1a4iB_1,8,TSINAGRL,OXIDOREDUCTASE,N/A
1095,1fohC_1,13,SGTAINYDENLVT,FLAVIN,N/A
1096,1t1dA_1,7,FDRNRPS,PROTONTRANSPORT,N/A
1097,1d0nA_1,19,YLSSHIAHVERVPFDAATL,CONTRACTILEPROTEIN,N/A
1098,1pvdA_1,8,IDMSLKPN,LYASECARBONCARBON,N/A
1099,1pvdA_2,16,PARTPANAAVPASTPL,LYASECARBONCARBON,N/A
1100,1dn1A_1,5,INIAF,ENDOCYTOSISEXOCYTOSIS,N/A
1101,1brmC_1,4,GGNC,OXIDOREDUCTASE,N/A
1102,1dn1A_2,12,CMKHYQGTVDKL,ENDOCYTOSISEXOCYTOSIS,N/A
1103,1kit_1,8,FEIQGDVI,HYDROLASE,N/A
1104,1dn1A_3,29,TDSTLRRRSKPERKERISEQTYQLSRWTP,ENDOCYTOSISEXOCYTOSIS,N/A
1105,1fh6A_1,32,YVREEVFTNNADVVAEKALKPESDITFSKQTA,VIRUSVIRALPROTEIN,N/A
1106,1fh6A_2,6,LMYGLA,VIRUSVIRALPROTEIN,N/A
1107,1fh6A_3,9,GLNKVATAY,VIRUSVIRALPROTEIN,N/A
1108,1fh6A_4,7,GFDMASQ,VIRUSVIRALPROTEIN,N/A
1109,1aym1_1,11,TRYVQSSQTLD,RHINOVIRUSCOATPROTEIN,N/A
1110,1g3p_1,7,GYTYINP,MINORCOATPROTEIN,N/A
1111,1mseC_1,9,NPEVKKTSW,COMPLEXBINDINGPROTEINDNA,N/A
1112,1cczA_1,5,VLEMV,GLYCOPROTEIN,N/A
1113,1fnf_1,6,PAVPPP,CELLADHESIONPROTEIN,N/A
1114,1fnf_2,6,TGLDSP,CELLADHESIONPROTEIN,N/A
1115,1f2uB_1,19,AMSLYLAGEISLLILDEPT,REPLICATION,N/A
1116,1fnf_3,6,TVSDVP,CELLADHESIONPROTEIN,N/A
1117,1qazA_1,5,AMGLI,LYASE,N/A
1118,1qazA_2,6,QNYAML,LYASE,N/A
1119,1jdbK_1,6,VPVIGT,LIGASE,N/A
1120,1nawA_1,6,SGAKNA,TRANSFERASE,N/A
1121,1qazA_3,12,YAYKENGRDIHS,LYASE,N/A
1122,1jdbK_2,12,VERLKLKQPANA,LIGASE,N/A
1123,1nawA_2,6,VLPDRI,TRANSFERASE,N/A
1124,1qazA_4,11,QDTRAFKPGRG,LYASE,N/A
1125,1tkbA_1,12,AVGMAMAQANLA,TRANSFERASE,N/A
1126,1jdbK_3,8,LDHFLDDA,LIGASE,N/A
1127,1jdbK_4,10,SNSTMKKHGR,LIGASE,N/A
1128,1tkbA_3,8,NNKWNKLF,TRANSFERASE,N/A
1129,1jdbK_5,9,VHYDTTLNG,LIGASE,N/A
1130,1tkbA_5,8,SETVLEDV,TRANSFERASE,N/A
1131,1tkbA_6,9,SALSGHPVI,TRANSFERASE,N/A
1132,1e7uA_1,7,IVKDATT,PHOSPHOINOSITIDE3KINASEGAMMA,N/A
1133,1e7uA_2,10,YLALRHHTNL,PHOSPHOINOSITIDE3KINASEGAMMA,N/A
1134,1e7uA_3,9,IEYIRDALT,PHOSPHOINOSITIDE3KINASEGAMMA,N/A
1135,1cx8A_1,9,IQVKDSAQN,METALTRANSPORT,N/A
1136,1gah_1,11,CYLQSFWTGSY,HYDROLASE,N/A
1137,1cx8A_2,6,AHLGTG,METALTRANSPORT,N/A
1138,1gah_2,14,RNSVVPPSWGETSA,HYDROLASE,N/A
1139,1repC_1,7,LSETKEI,REPLICATIONDNA,N/A
1140,1cx8A_4,6,NVLKEI,METALTRANSPORT,N/A
1141,1cx8A_5,10,THDVELNLDY,METALTRANSPORT,N/A
1142,1efuB_1,13,AIENMRKSGAIKA,COMPLEXTWOELONGATIONFACTORS,N/A
1143,1efuB_2,26,AASKPEFIKPEDVSAEVVEKEYQVQL,COMPLEXTWOELONGATIONFACTORS,N/A
1144,1efuB_3,12,FTGEVSLTGQPF,COMPLEXTWOELONGATIONFACTORS,N/A
1145,2gep_1,19,FEPIRPYEFTGRGDRIGWV,OXIDOREDUCTASE,N/A
1146,2gep_2,8,LMNAVTPQ,OXIDOREDUCTASE,N/A
1147,1b8fA_1,8,ALRGLFYA,LYASE,N/A
1148,1b8fA_2,8,LRQAAEVL,LYASE,N/A
1149,1b8fA_3,7,ADNLALA,LYASE,N/A
1150,1b8fA_4,9,NKALSHPHS,LYASE,N/A
1151,2mysA_1,7,TGAVMHY,MUSCLEPROTEIN,N/A
1152,1dnpA_1,4,DSVI,LYASECARBONCARBON,N/A
1153,1b8fA_5,7,GKRLWEM,LYASE,N/A
1154,2mysA_2,4,AVYE,MUSCLEPROTEIN,N/A
1155,1dnpA_2,12,LREGMPECVAAP,LYASECARBONCARBON,N/A
1156,2mysA_3,11,DIAGFEIFDFN,MUSCLEPROTEIN,N/A
1157,1dnpA_3,12,YPRQSFDTAHFP,LYASECARBONCARBON,N/A
1158,1dnpA_4,14,HLITYHPSLCKHRP,LYASECARBONCARBON,N/A
1159,2mysA_5,7,GMDLAAC,MUSCLEPROTEIN,N/A
1160,2mysA_6,3,DPL,MUSCLEPROTEIN,N/A
1161,2mysA_7,26,FATYXXXXXXXXXXXXXXXXXXXXQT,MUSCLEPROTEIN,N/A
1162,1fezA_1,8,GCFAPLEV,HYDROLASE,N/A
1163,2mysA_8,14,IRICRKGFPSRVLY,MUSCLEPROTEIN,N/A
1164,1fezA_2,9,FEEILFAIL,HYDROLASE,N/A
1165,2mysA_9,8,FFXAGLLG,MUSCLEPROTEIN,N/A
1166,1igtB_1,9,VSSAKTTAP,IMMUNOGLOBULIN,N/A
1167,1igtB_2,26,EPRGPTIXXKPCPPCKCPAPNLLGGP,IMMUNOGLOBULIN,N/A
1168,1lbu_1,10,IYQLQDDDCT,HYDROLASE,N/A
1169,1igtB_3,13,IXSKPKGXSVRAP,IMMUNOGLOBULIN,N/A
1170,1tfr_1,8,GSAEIDCM,HYDROLASENUCLEICACID,N/A
1171,1tfr_2,5,NLVLI,HYDROLASENUCLEICACID,N/A
1172,1qd1B_1,6,ARKFLL,TRANSFERASE,N/A
1173,1smlA_1,20,ADRIVMDGEVITVGGIVFTA,HYDROLASE,N/A
1174,1jmcA_1,9,LPTVQFDFT,COMPLEXDNABINDINGPROTEINDNA,N/A
1175,1bvp1_1,20,AANEIARVTGETSTWGPARQ,COATPROTEINVIRAL,N/A
1176,2tohA_1,8,VPMLADRT,HYDROXYLASE,N/A
1177,1bvp1_2,12,SMDKTLNQYPAL,COATPROTEINVIRAL,N/A
1178,1xikB_1,7,IQKRAEG,OXIDOREDUCTASE,N/A
1179,1xikB_2,11,VSLRELKKKLY,OXIDOREDUCTASE,N/A
1180,1xikB_4,3,LHL,OXIDOREDUCTASE,N/A
1181,1al3_1,4,YHWN,TRANSCRIPTIONREGULATION,N/A
1182,1al3_2,6,FSHSTT,TRANSCRIPTIONREGULATION,N/A
1183,1ejjA_1,8,VYQSLTRI,ISOMERASE,N/A
1184,1ejjA_2,8,FKPTNLDN,ISOMERASE,N/A
1185,1bglA_1,19,ENPGVTQLNRLAAHPPFAS,HYDROLASEOGLYCOSYL,N/A
1186,1fjrA_1,6,VCKLKP,SIGNALINGPROTEIN,N/A
1187,1bglA_3,7,LLHKPTT,HYDROLASEOGLYCOSYL,N/A
1188,1bglA_4,3,VGF,HYDROLASEOGLYCOSYL,N/A
1189,1tocR_1,15,CFVGGEDHSSEMHSS,COMPLEXHYDROLASEINHIBITOR,N/A
1190,1bglA_5,11,MKQNNFNAVRC,HYDROLASEOGLYCOSYL,N/A
1191,1bglA_6,6,TDIICP,HYDROLASEOGLYCOSYL,N/A
1192,1bglA_7,6,GFVWDW,HYDROLASEOGLYCOSYL,N/A
1193,1uor_1,11,GKASSAKQRLK,METALBINDINGPROTEIN,N/A
1194,1ixmB_1,11,MIEEMVIDAKH,TRANSFERASE,N/A
1195,1qkjA_1,8,HMNDFQLS,TRANSFERASEGLUCOSYLTRANSFERASE,N/A
1196,1uor_2,12,ADLPSLAADFVE,METALBINDINGPROTEIN,N/A
1197,1qkjA_2,11,LNKTRAKKAEW,TRANSFERASEGLUCOSYLTRANSFERASE,N/A
1198,1rblA_1,4,LRLE,LYASECARBONCARBON,N/A
1199,2pgd_1,6,HFVKMV,OXIDOREDUCTASECHOHDNADPA,N/A
1200,1uor_3,8,FKPLVEEP,METALBINDINGPROTEIN,N/A
1201,1g99A_1,5,FDTAF,TRANSFERASE,N/A
1202,1uor_4,14,DETYVPKEFNAETF,METALBINDINGPROTEIN,N/A
1203,1finB_1,11,HTYLREMEVKC,COMPLEXTRANSFERASECYCLIN,N/A
1204,1finB_2,4,APTV,COMPLEXTRANSFERASECYCLIN,N/A
1205,1bcmB_1,12,PTEEQKRMLLLP,TRANSPOSASE,N/A
1206,1kcw_1,15,VQECXXXXXXXXIRG,OXIDOREDUCTASE,N/A
1207,1kcw_2,16,VNQCRRQSEDSTFYLG,OXIDOREDUCTASE,N/A
1208,1qp8A_1,24,VVTAGLDHLPWESIPPHVTVAGNA,OXIDOREDUCTASE,N/A
1209,1e5dA_1,5,AEQKP,OXIDOREDUCTASE,N/A
1210,1qp8A_2,11,GGYGNERVWRQ,OXIDOREDUCTASE,N/A
1211,1cv8_1,15,FGQTQGRSPQLLNRM,CYSTEINEPROTEASE,N/A
1212,3btoA_1,6,STGYGS,OXIDOREDUCTASE,N/A
1213,3btoA_2,8,RTWKGAIF,OXIDOREDUCTASE,N/A
1214,1ebmA_1,9,ASIPCPRSE,LYASEDNA,N/A
1215,1ebmA_3,14,LEAVRKYFQLDVTL,LYASEDNA,N/A
1216,1ebmA_4,7,RLLRQDP,LYASEDNA,N/A
1217,1ewtA_1,4,IPQI,SIGNALINGPROTEIN,N/A
1218,1ewtA_2,7,VPSDTLQ,SIGNALINGPROTEIN,N/A
1219,1ewtA_3,8,IKLQSPEV,SIGNALINGPROTEIN,N/A
1220,1ewtA_4,5,APGRY,SIGNALINGPROTEIN,N/A
1221,1dg3A_1,9,VLALAQIEN,SIGNALINGPROTEIN,N/A
1222,1ej6A_1,20,LGMRISALQSLSDTPSPVQW,VIRUSVIRALPROTEIN,N/A
1223,1dg3A_2,5,NQEAS,SIGNALINGPROTEIN,N/A
1224,1ev7A_1,5,LQENL,HYDROLASE,N/A
1225,1dg3A_3,15,ASAKMLHEMQRKNEQ,SIGNALINGPROTEIN,N/A
1226,1b74A_1,7,FGVIEPG,ISOMERASE,N/A
1227,1b74A_2,7,VDSSEAL,ISOMERASE,N/A
1228,1ecl_1,4,IRDL,TOPOISOMERASE,N/A
1229,1ois_1,7,PPPYQPL,DNABINDINGPROTEIN,N/A
1230,1ecl_2,14,WEAHYEVLPGKEKV,TOPOISOMERASE,N/A
1231,1ois_2,11,FQLQKEQKKQL,DNABINDINGPROTEIN,N/A
1232,1ecl_3,8,LNIDRVNA,TOPOISOMERASE,N/A
1233,1ois_3,6,VEPPDL,DNABINDINGPROTEIN,N/A
1234,2arcB_1,13,GFFRPDEAHQPHF,TRANSCRIPTIONFACTOR,N/A
1235,1ecl_4,12,EREIKAFVPEEF,TOPOISOMERASE,N/A
1236,1ecl_5,13,VLEREDKPTTSKP,TOPOISOMERASE,N/A
1237,1ecl_6,3,AKY,TOPOISOMERASE,N/A
1238,1ecl_7,13,LTPAQHFTKPPAR,TOPOISOMERASE,N/A
1239,1f0jA_1,9,VLATDMSKH,HYDROLASE,N/A
1240,1i1iP_1,13,TEELKYSVDQESL,HYDROLASE,N/A
1241,1eumA_1,12,PFAEYSSLDELF,METALBINDINGPROTEIN,N/A
1242,1i1iP_2,8,LVASRLVN,HYDROLASE,N/A
1243,2tct_1,14,AVEILARHHDYSLP,TRANSCRIPTIONREGULATION,N/A
1244,1i1iP_3,6,YGYLWS,HYDROLASE,N/A
1245,1b35B_1,35,GVTPSTTALPDIVNLSTNYLDKNTREDRIHSIKDF,VIRUSVIRALPROTEIN,N/A
1246,2reb_1,8,INFYGELV,DNABINDINGPROTEIN,N/A
1247,1auwA_1,10,LFMKNSLSII,EYELENSPROTEIN,N/A
1248,1auwA_2,11,LGEVKKRINVL,EYELENSPROTEIN,N/A
1249,1auwA_3,5,FVVEF,EYELENSPROTEIN,N/A
1250,1auwA_4,14,LASILMVLKGLPST,EYELENSPROTEIN,N/A
1251,1auwA_6,7,LTPEMLA,EYELENSPROTEIN,N/A
1252,1auwA_7,11,VSQVFNFVNSV,EYELENSPROTEIN,N/A
1253,1hghA_1,8,CNNPHRIL,INFLUENZAVIRUSHEMAGGLUTININ,N/A
1254,1ep1B_1,17,PLGNGFPVAEVTSTDKI,OXIDOREDUCTASE,N/A
1255,1hghA_2,4,IMRS,INFLUENZAVIRUSHEMAGGLUTININ,N/A
1256,1fviA_1,8,ATPKIAGI,LIGASE,N/A
1257,1fjgC_1,12,RLGITRDWESRW,RIBOSOME,N/A
1258,1fviA_2,8,IPLIPVEI,LIGASE,N/A
1259,1fjgC_2,13,LNVQEVQNPNLSA,RIBOSOME,N/A
1260,1fviA_3,7,MKQFKDA,LIGASE,N/A
1261,1prs_1,10,VISVPVQPRA,BINDINGPROTEIN,N/A
1262,1csh_1,7,GLANQEV,LYASEOXOACID,N/A
1263,1ospO_1,9,SKDKSSTEE,COMPLEXIMMUNOGLOBULINLIPOPROTEIN,N/A
1264,1e79H_1,12,AVTLDMLDLGAA,ATPPHOSPHORYLASE,N/A
1265,1bl0A_1,6,IRSRKM,TRANSCRIPTIONDNA,N/A
1266,1e69A_1,8,GVDFYSIV,CHROMOSOMESEGREGATION,N/A
1267,1lrv_1,14,LIRDSDEVVRRAVA,LEUCINERICHREPEATS,N/A
1268,1lrv_2,14,FMRDEDRQVRKLVA,LEUCINERICHREPEATS,N/A
1269,1amf_1,5,LGNSL,BINDINGPROTEIN,N/A
1270,1amf_2,6,HKKVEY,BINDINGPROTEIN,N/A
1271,1vcaA_1,5,VEIYS,CELLADHESIONPROTEIN,N/A
1272,3sc2B_1,30,QMALHANVTGAMNYTWATCTINTHAPRSML,HYDROLASECARBOXYPEPTIDASE,N/A
1273,1dekA_1,9,VKYQLAGPI,PHOSPHOTRANSFERASE,N/A
1274,1dekA_2,6,YWVKLF,PHOSPHOTRANSFERASE,N/A
1275,1dat_1,10,PSQDEWGTTP,IRONSTORAGE,N/A
1276,1cknA_1,6,PGPNPV,CAPPINGENZYME,N/A
1277,1cknA_2,7,EKTDGIR,CAPPINGENZYME,N/A
1278,1cknA_3,7,LRYKEWI,CAPPINGENZYME,N/A
1279,1cknA_4,9,LKPGTHHTI,CAPPINGENZYME,N/A
1280,1ordA_1,10,VNNYEDSILP,CARBOXYLYASE,N/A
